/*
SQLyog Ultimate v12.09 (64 bit)
MySQL - 5.5.47 : Database - shigongti
*********************************************************************
*/

/*!40101 SET NAMES utf8 */;

/*!40101 SET SQL_MODE=''*/;

/*!40014 SET @OLD_UNIQUE_CHECKS=@@UNIQUE_CHECKS, UNIQUE_CHECKS=0 */;
/*!40014 SET @OLD_FOREIGN_KEY_CHECKS=@@FOREIGN_KEY_CHECKS, FOREIGN_KEY_CHECKS=0 */;
/*!40101 SET @OLD_SQL_MODE=@@SQL_MODE, SQL_MODE='NO_AUTO_VALUE_ON_ZERO' */;
/*!40111 SET @OLD_SQL_NOTES=@@SQL_NOTES, SQL_NOTES=0 */;
CREATE DATABASE /*!32312 IF NOT EXISTS*/`shigongti` /*!40100 DEFAULT CHARACTER SET utf8 */;

USE `shigongti`;

/*Table structure for table `alarm_info` */

DROP TABLE IF EXISTS `alarm_info`;

CREATE TABLE `alarm_info` (
  `pk_id` int(4) NOT NULL AUTO_INCREMENT COMMENT 'è‡ªå¢Id',
  `pk_code` varchar(50) DEFAULT NULL COMMENT 'æŠ¥è­¦ä¿¡æ¯å”¯ä¸€ç¼–ç ï¼ˆGUIDï¼‰',
  `fd_alarm_type` varchar(50) NOT NULL COMMENT 'æŠ¥è­¦ç±»å‹',
  `fd_alarm_time` datetime DEFAULT NULL COMMENT 'æŠ¥è­¦æ—¶é—´',
  `fd_longitude` varchar(50) NOT NULL COMMENT 'ç»åº¦',
  `fd_latitude` varchar(50) NOT NULL COMMENT 'çº¬åº¦',
  `fd_alarm_sources` varchar(100) NOT NULL COMMENT 'æŠ¥è­¦æ¥æº',
  `datastate` bit(1) DEFAULT NULL COMMENT 'æ•°æ®çŠ¶æ€',
  `create_time` datetime DEFAULT NULL COMMENT 'åˆ›å»ºæ—¥æœŸ',
  `update_time` datetime DEFAULT NULL COMMENT 'æ›´æ–°æ—¥æœŸ',
  PRIMARY KEY (`pk_id`)
) ENGINE=InnoDB AUTO_INCREMENT=3 DEFAULT CHARSET=utf8 COMMENT='æŠ¥è­¦æ•°æ®è¡¨';

/*Data for the table `alarm_info` */

insert  into `alarm_info`(`pk_id`,`pk_code`,`fd_alarm_type`,`fd_alarm_time`,`fd_longitude`,`fd_latitude`,`fd_alarm_sources`,`datastate`,`create_time`,`update_time`) values (1,'dfs','dfs1','2019-05-08 14:58:29','1','1','dfs0','\0','2019-05-09 14:58:39','2019-05-09 14:58:41');

/*Table structure for table `qrtz_blob_triggers` */

DROP TABLE IF EXISTS `qrtz_blob_triggers`;

CREATE TABLE `qrtz_blob_triggers` (
  `SCHED_NAME` varchar(120) NOT NULL,
  `TRIGGER_NAME` varchar(200) NOT NULL,
  `TRIGGER_GROUP` varchar(200) NOT NULL,
  `BLOB_DATA` blob,
  PRIMARY KEY (`SCHED_NAME`,`TRIGGER_NAME`,`TRIGGER_GROUP`),
  CONSTRAINT `qrtz_blob_triggers_ibfk_1` FOREIGN KEY (`SCHED_NAME`, `TRIGGER_NAME`, `TRIGGER_GROUP`) REFERENCES `qrtz_triggers` (`SCHED_NAME`, `TRIGGER_NAME`, `TRIGGER_GROUP`)
) ENGINE=InnoDB DEFAULT CHARSET=utf8;

/*Data for the table `qrtz_blob_triggers` */

/*Table structure for table `qrtz_calendars` */

DROP TABLE IF EXISTS `qrtz_calendars`;

CREATE TABLE `qrtz_calendars` (
  `SCHED_NAME` varchar(120) NOT NULL,
  `CALENDAR_NAME` varchar(200) NOT NULL,
  `CALENDAR` blob NOT NULL,
  PRIMARY KEY (`SCHED_NAME`,`CALENDAR_NAME`)
) ENGINE=InnoDB DEFAULT CHARSET=utf8;

/*Data for the table `qrtz_calendars` */

/*Table structure for table `qrtz_cron_triggers` */

DROP TABLE IF EXISTS `qrtz_cron_triggers`;

CREATE TABLE `qrtz_cron_triggers` (
  `SCHED_NAME` varchar(120) NOT NULL,
  `TRIGGER_NAME` varchar(200) NOT NULL,
  `TRIGGER_GROUP` varchar(200) NOT NULL,
  `CRON_EXPRESSION` varchar(200) NOT NULL,
  `TIME_ZONE_ID` varchar(80) DEFAULT NULL,
  PRIMARY KEY (`SCHED_NAME`,`TRIGGER_NAME`,`TRIGGER_GROUP`),
  CONSTRAINT `qrtz_cron_triggers_ibfk_1` FOREIGN KEY (`SCHED_NAME`, `TRIGGER_NAME`, `TRIGGER_GROUP`) REFERENCES `qrtz_triggers` (`SCHED_NAME`, `TRIGGER_NAME`, `TRIGGER_GROUP`)
) ENGINE=InnoDB DEFAULT CHARSET=utf8;

/*Data for the table `qrtz_cron_triggers` */

insert  into `qrtz_cron_triggers`(`SCHED_NAME`,`TRIGGER_NAME`,`TRIGGER_GROUP`,`CRON_EXPRESSION`,`TIME_ZONE_ID`) values ('MyScheduler','TASK_1','DEFAULT','0/1 * * * * ?1','Asia/Shanghai'),('MyScheduler','TASK_11','DEFAULT','0/5 * * * * ?','Asia/Shanghai'),('MyScheduler','TASK_2','DEFAULT','0/10 * * * * ?','Asia/Shanghai'),('MyScheduler','TASK_3','DEFAULT','0/1 * * * * ?','Asia/Shanghai');

/*Table structure for table `qrtz_fired_triggers` */

DROP TABLE IF EXISTS `qrtz_fired_triggers`;

CREATE TABLE `qrtz_fired_triggers` (
  `SCHED_NAME` varchar(120) NOT NULL,
  `ENTRY_ID` varchar(95) NOT NULL,
  `TRIGGER_NAME` varchar(200) NOT NULL,
  `TRIGGER_GROUP` varchar(200) NOT NULL,
  `INSTANCE_NAME` varchar(200) NOT NULL,
  `FIRED_TIME` bigint(13) NOT NULL,
  `SCHED_TIME` bigint(13) NOT NULL,
  `PRIORITY` int(11) NOT NULL,
  `STATE` varchar(16) NOT NULL,
  `JOB_NAME` varchar(200) DEFAULT NULL,
  `JOB_GROUP` varchar(200) DEFAULT NULL,
  `IS_NONCONCURRENT` varchar(1) DEFAULT NULL,
  `REQUESTS_RECOVERY` varchar(1) DEFAULT NULL,
  PRIMARY KEY (`SCHED_NAME`,`ENTRY_ID`)
) ENGINE=InnoDB DEFAULT CHARSET=utf8;

/*Data for the table `qrtz_fired_triggers` */

/*Table structure for table `qrtz_job_details` */

DROP TABLE IF EXISTS `qrtz_job_details`;

CREATE TABLE `qrtz_job_details` (
  `SCHED_NAME` varchar(120) NOT NULL,
  `JOB_NAME` varchar(200) NOT NULL,
  `JOB_GROUP` varchar(200) NOT NULL,
  `DESCRIPTION` varchar(250) DEFAULT NULL,
  `JOB_CLASS_NAME` varchar(250) NOT NULL,
  `IS_DURABLE` varchar(1) NOT NULL,
  `IS_NONCONCURRENT` varchar(1) NOT NULL,
  `IS_UPDATE_DATA` varchar(1) NOT NULL,
  `REQUESTS_RECOVERY` varchar(1) NOT NULL,
  `JOB_DATA` blob,
  PRIMARY KEY (`SCHED_NAME`,`JOB_NAME`,`JOB_GROUP`)
) ENGINE=InnoDB DEFAULT CHARSET=utf8;

/*Data for the table `qrtz_job_details` */

insert  into `qrtz_job_details`(`SCHED_NAME`,`JOB_NAME`,`JOB_GROUP`,`DESCRIPTION`,`JOB_CLASS_NAME`,`IS_DURABLE`,`IS_NONCONCURRENT`,`IS_UPDATE_DATA`,`REQUESTS_RECOVERY`,`JOB_DATA`) values ('MyScheduler','TASK_1','DEFAULT',NULL,'cc.mrbird.febs.job.util.ScheduleJob','0','0','0','0','¬í\0sr\0org.quartz.JobDataMapŸ°ƒè¿©°Ë\0\0xr\0&org.quartz.utils.StringKeyDirtyFlagMap‚èÃûÅ](\0Z\0allowsTransientDataxr\0org.quartz.utils.DirtyFlagMapæ.­(v\nÎ\0Z\0dirtyL\0mapt\0Ljava/util/Map;xpsr\0java.util.HashMapÚÁÃ`Ñ\0F\0\nloadFactorI\0	thresholdxp?@\0\0\0\0\0w\0\0\0\0\0\0t\0\rJOB_PARAM_KEYsr\0cc.mrbird.febs.job.domain.JobR¬“£\0L\0beanNamet\0Ljava/lang/String;L\0\ncreateTimet\0Ljava/util/Date;L\0cronExpressionq\0~\0	L\0jobIdt\0Ljava/lang/Long;L\0\nmethodNameq\0~\0	L\0paramsq\0~\0	L\0remarkq\0~\0	L\0statusq\0~\0	xpt\0testTasksr\0java.util.DatehjKYt\0\0xpw\0\0aÈ¢äpxt\00/1 * * * * ?1sr\0java.lang.Long;‹äÌ#ß\0J\0valuexr\0java.lang.Number†¬•”à‹\0\0xp\0\0\0\0\0\0\0t\0testt\0mrbirdt\0æœ‰å‚ä»»åŠ¡è°ƒåº¦æµ‹è¯•t\01x\0'),('MyScheduler','TASK_11','DEFAULT',NULL,'cc.mrbird.febs.job.util.ScheduleJob','0','0','0','0','¬í\0sr\0org.quartz.JobDataMapŸ°ƒè¿©°Ë\0\0xr\0&org.quartz.utils.StringKeyDirtyFlagMap‚èÃûÅ](\0Z\0allowsTransientDataxr\0org.quartz.utils.DirtyFlagMapæ.­(v\nÎ\0Z\0dirtyL\0mapt\0Ljava/util/Map;xpsr\0java.util.HashMapÚÁÃ`Ñ\0F\0\nloadFactorI\0	thresholdxp?@\0\0\0\0\0w\0\0\0\0\0\0t\0\rJOB_PARAM_KEYsr\0cc.mrbird.febs.job.domain.JobR¬“£\0L\0beanNamet\0Ljava/lang/String;L\0\ncreateTimet\0Ljava/util/Date;L\0cronExpressionq\0~\0	L\0jobIdt\0Ljava/lang/Long;L\0\nmethodNameq\0~\0	L\0paramsq\0~\0	L\0remarkq\0~\0	L\0statusq\0~\0	xpt\0testTasksr\0java.util.DatehjKYt\0\0xpw\0\0aÑÓ Pxt\0\r0/5 * * * * ?sr\0java.lang.Long;‹äÌ#ß\0J\0valuexr\0java.lang.Number†¬•”à‹\0\0xp\0\0\0\0\0\0\0t\0test2pt\0æµ‹è¯•å¼‚å¸¸t\01x\0'),('MyScheduler','TASK_2','DEFAULT',NULL,'cc.mrbird.febs.job.util.ScheduleJob','0','0','0','0','¬í\0sr\0org.quartz.JobDataMapŸ°ƒè¿©°Ë\0\0xr\0&org.quartz.utils.StringKeyDirtyFlagMap‚èÃûÅ](\0Z\0allowsTransientDataxr\0org.quartz.utils.DirtyFlagMapæ.­(v\nÎ\0Z\0dirtyL\0mapt\0Ljava/util/Map;xpsr\0java.util.HashMapÚÁÃ`Ñ\0F\0\nloadFactorI\0	thresholdxp?@\0\0\0\0\0w\0\0\0\0\0\0t\0\rJOB_PARAM_KEYsr\0cc.mrbird.febs.job.domain.JobR¬“£\0L\0beanNamet\0Ljava/lang/String;L\0\ncreateTimet\0Ljava/util/Date;L\0cronExpressionq\0~\0	L\0jobIdt\0Ljava/lang/Long;L\0\nmethodNameq\0~\0	L\0paramsq\0~\0	L\0remarkq\0~\0	L\0statusq\0~\0	xpt\0testTasksr\0java.util.DatehjKYt\0\0xpw\0\0aÈÇ¦˜xt\00/10 * * * * ?sr\0java.lang.Long;‹äÌ#ß\0J\0valuexr\0java.lang.Number†¬•”à‹\0\0xp\0\0\0\0\0\0\0t\0test1pt\0æ— å‚ä»»åŠ¡è°ƒåº¦æµ‹è¯•t\01x\0'),('MyScheduler','TASK_3','DEFAULT',NULL,'cc.mrbird.febs.job.util.ScheduleJob','0','0','0','0','¬í\0sr\0org.quartz.JobDataMapŸ°ƒè¿©°Ë\0\0xr\0&org.quartz.utils.StringKeyDirtyFlagMap‚èÃûÅ](\0Z\0allowsTransientDataxr\0org.quartz.utils.DirtyFlagMapæ.­(v\nÎ\0Z\0dirtyL\0mapt\0Ljava/util/Map;xpsr\0java.util.HashMapÚÁÃ`Ñ\0F\0\nloadFactorI\0	thresholdxp?@\0\0\0\0\0w\0\0\0\0\0\0t\0\rJOB_PARAM_KEYsr\0cc.mrbird.febs.job.domain.JobR¬“£\0L\0beanNamet\0Ljava/lang/String;L\0\ncreateTimet\0Ljava/util/Date;L\0cronExpressionq\0~\0	L\0jobIdt\0Ljava/lang/Long;L\0\nmethodNameq\0~\0	L\0paramsq\0~\0	L\0remarkq\0~\0	L\0statusq\0~\0	xpt\0testTasksr\0java.util.DatehjKYt\0\0xpw\0\0aÑq\Zxt\0\r0/1 * * * * ?sr\0java.lang.Long;‹äÌ#ß\0J\0valuexr\0java.lang.Number†¬•”à‹\0\0xp\0\0\0\0\0\0\0t\0testt\0hello worldt\0+æœ‰å‚ä»»åŠ¡è°ƒåº¦æµ‹è¯•,æ¯éš”ä¸€ç§’è§¦å‘t\01x\0');

/*Table structure for table `qrtz_locks` */

DROP TABLE IF EXISTS `qrtz_locks`;

CREATE TABLE `qrtz_locks` (
  `SCHED_NAME` varchar(120) NOT NULL,
  `LOCK_NAME` varchar(40) NOT NULL,
  PRIMARY KEY (`SCHED_NAME`,`LOCK_NAME`)
) ENGINE=InnoDB DEFAULT CHARSET=utf8;

/*Data for the table `qrtz_locks` */

insert  into `qrtz_locks`(`SCHED_NAME`,`LOCK_NAME`) values ('MyScheduler','STATE_ACCESS'),('MyScheduler','TRIGGER_ACCESS');

/*Table structure for table `qrtz_paused_trigger_grps` */

DROP TABLE IF EXISTS `qrtz_paused_trigger_grps`;

CREATE TABLE `qrtz_paused_trigger_grps` (
  `SCHED_NAME` varchar(120) NOT NULL,
  `TRIGGER_GROUP` varchar(200) NOT NULL,
  PRIMARY KEY (`SCHED_NAME`,`TRIGGER_GROUP`)
) ENGINE=InnoDB DEFAULT CHARSET=utf8;

/*Data for the table `qrtz_paused_trigger_grps` */

/*Table structure for table `qrtz_scheduler_state` */

DROP TABLE IF EXISTS `qrtz_scheduler_state`;

CREATE TABLE `qrtz_scheduler_state` (
  `SCHED_NAME` varchar(120) NOT NULL,
  `INSTANCE_NAME` varchar(200) NOT NULL,
  `LAST_CHECKIN_TIME` bigint(13) NOT NULL,
  `CHECKIN_INTERVAL` bigint(13) NOT NULL,
  PRIMARY KEY (`SCHED_NAME`,`INSTANCE_NAME`)
) ENGINE=InnoDB DEFAULT CHARSET=utf8;

/*Data for the table `qrtz_scheduler_state` */

insert  into `qrtz_scheduler_state`(`SCHED_NAME`,`INSTANCE_NAME`,`LAST_CHECKIN_TIME`,`CHECKIN_INTERVAL`) values ('MyScheduler','DEBUG1557393805520',1557394858333,15000);

/*Table structure for table `qrtz_simple_triggers` */

DROP TABLE IF EXISTS `qrtz_simple_triggers`;

CREATE TABLE `qrtz_simple_triggers` (
  `SCHED_NAME` varchar(120) NOT NULL,
  `TRIGGER_NAME` varchar(200) NOT NULL,
  `TRIGGER_GROUP` varchar(200) NOT NULL,
  `REPEAT_COUNT` bigint(7) NOT NULL,
  `REPEAT_INTERVAL` bigint(12) NOT NULL,
  `TIMES_TRIGGERED` bigint(10) NOT NULL,
  PRIMARY KEY (`SCHED_NAME`,`TRIGGER_NAME`,`TRIGGER_GROUP`),
  CONSTRAINT `qrtz_simple_triggers_ibfk_1` FOREIGN KEY (`SCHED_NAME`, `TRIGGER_NAME`, `TRIGGER_GROUP`) REFERENCES `qrtz_triggers` (`SCHED_NAME`, `TRIGGER_NAME`, `TRIGGER_GROUP`)
) ENGINE=InnoDB DEFAULT CHARSET=utf8;

/*Data for the table `qrtz_simple_triggers` */

/*Table structure for table `qrtz_simprop_triggers` */

DROP TABLE IF EXISTS `qrtz_simprop_triggers`;

CREATE TABLE `qrtz_simprop_triggers` (
  `SCHED_NAME` varchar(120) NOT NULL,
  `TRIGGER_NAME` varchar(200) NOT NULL,
  `TRIGGER_GROUP` varchar(200) NOT NULL,
  `STR_PROP_1` varchar(512) DEFAULT NULL,
  `STR_PROP_2` varchar(512) DEFAULT NULL,
  `STR_PROP_3` varchar(512) DEFAULT NULL,
  `INT_PROP_1` int(11) DEFAULT NULL,
  `INT_PROP_2` int(11) DEFAULT NULL,
  `LONG_PROP_1` bigint(20) DEFAULT NULL,
  `LONG_PROP_2` bigint(20) DEFAULT NULL,
  `DEC_PROP_1` decimal(13,4) DEFAULT NULL,
  `DEC_PROP_2` decimal(13,4) DEFAULT NULL,
  `BOOL_PROP_1` varchar(1) DEFAULT NULL,
  `BOOL_PROP_2` varchar(1) DEFAULT NULL,
  PRIMARY KEY (`SCHED_NAME`,`TRIGGER_NAME`,`TRIGGER_GROUP`),
  CONSTRAINT `qrtz_simprop_triggers_ibfk_1` FOREIGN KEY (`SCHED_NAME`, `TRIGGER_NAME`, `TRIGGER_GROUP`) REFERENCES `qrtz_triggers` (`SCHED_NAME`, `TRIGGER_NAME`, `TRIGGER_GROUP`)
) ENGINE=InnoDB DEFAULT CHARSET=utf8;

/*Data for the table `qrtz_simprop_triggers` */

/*Table structure for table `qrtz_triggers` */

DROP TABLE IF EXISTS `qrtz_triggers`;

CREATE TABLE `qrtz_triggers` (
  `SCHED_NAME` varchar(120) NOT NULL,
  `TRIGGER_NAME` varchar(200) NOT NULL,
  `TRIGGER_GROUP` varchar(200) NOT NULL,
  `JOB_NAME` varchar(200) NOT NULL,
  `JOB_GROUP` varchar(200) NOT NULL,
  `DESCRIPTION` varchar(250) DEFAULT NULL,
  `NEXT_FIRE_TIME` bigint(13) DEFAULT NULL,
  `PREV_FIRE_TIME` bigint(13) DEFAULT NULL,
  `PRIORITY` int(11) DEFAULT NULL,
  `TRIGGER_STATE` varchar(16) NOT NULL,
  `TRIGGER_TYPE` varchar(8) NOT NULL,
  `START_TIME` bigint(13) NOT NULL,
  `END_TIME` bigint(13) DEFAULT NULL,
  `CALENDAR_NAME` varchar(200) DEFAULT NULL,
  `MISFIRE_INSTR` smallint(2) DEFAULT NULL,
  `JOB_DATA` blob,
  PRIMARY KEY (`SCHED_NAME`,`TRIGGER_NAME`,`TRIGGER_GROUP`),
  KEY `SCHED_NAME` (`SCHED_NAME`,`JOB_NAME`,`JOB_GROUP`),
  CONSTRAINT `qrtz_triggers_ibfk_1` FOREIGN KEY (`SCHED_NAME`, `JOB_NAME`, `JOB_GROUP`) REFERENCES `qrtz_job_details` (`SCHED_NAME`, `JOB_NAME`, `JOB_GROUP`)
) ENGINE=InnoDB DEFAULT CHARSET=utf8;

/*Data for the table `qrtz_triggers` */

insert  into `qrtz_triggers`(`SCHED_NAME`,`TRIGGER_NAME`,`TRIGGER_GROUP`,`JOB_NAME`,`JOB_GROUP`,`DESCRIPTION`,`NEXT_FIRE_TIME`,`PREV_FIRE_TIME`,`PRIORITY`,`TRIGGER_STATE`,`TRIGGER_TYPE`,`START_TIME`,`END_TIME`,`CALENDAR_NAME`,`MISFIRE_INSTR`,`JOB_DATA`) values ('MyScheduler','TASK_1','DEFAULT','TASK_1','DEFAULT',NULL,1557386232000,-1,5,'PAUSED','CRON',1557386232000,0,NULL,2,'¬í\0sr\0org.quartz.JobDataMapŸ°ƒè¿©°Ë\0\0xr\0&org.quartz.utils.StringKeyDirtyFlagMap‚èÃûÅ](\0Z\0allowsTransientDataxr\0org.quartz.utils.DirtyFlagMapæ.­(v\nÎ\0Z\0dirtyL\0mapt\0Ljava/util/Map;xpsr\0java.util.HashMapÚÁÃ`Ñ\0F\0\nloadFactorI\0	thresholdxp?@\0\0\0\0\0w\0\0\0\0\0\0t\0\rJOB_PARAM_KEYsr\0cc.mrbird.febs.job.domain.JobR¬“£\0L\0beanNamet\0Ljava/lang/String;L\0\ncreateTimet\0Ljava/util/Date;L\0cronExpressionq\0~\0	L\0jobIdt\0Ljava/lang/Long;L\0\nmethodNameq\0~\0	L\0paramsq\0~\0	L\0remarkq\0~\0	L\0statusq\0~\0	xpt\0testTasksr\0java.util.DatehjKYt\0\0xpw\0\0aÈ¢äpxt\00/1 * * * * ?1sr\0java.lang.Long;‹äÌ#ß\0J\0valuexr\0java.lang.Number†¬•”à‹\0\0xp\0\0\0\0\0\0\0t\0testt\0mrbirdt\0æœ‰å‚ä»»åŠ¡è°ƒåº¦æµ‹è¯•t\01x\0'),('MyScheduler','TASK_11','DEFAULT','TASK_11','DEFAULT',NULL,1557386235000,-1,5,'PAUSED','CRON',1557386232000,0,NULL,2,'¬í\0sr\0org.quartz.JobDataMapŸ°ƒè¿©°Ë\0\0xr\0&org.quartz.utils.StringKeyDirtyFlagMap‚èÃûÅ](\0Z\0allowsTransientDataxr\0org.quartz.utils.DirtyFlagMapæ.­(v\nÎ\0Z\0dirtyL\0mapt\0Ljava/util/Map;xpsr\0java.util.HashMapÚÁÃ`Ñ\0F\0\nloadFactorI\0	thresholdxp?@\0\0\0\0\0w\0\0\0\0\0\0t\0\rJOB_PARAM_KEYsr\0cc.mrbird.febs.job.domain.JobR¬“£\0L\0beanNamet\0Ljava/lang/String;L\0\ncreateTimet\0Ljava/util/Date;L\0cronExpressionq\0~\0	L\0jobIdt\0Ljava/lang/Long;L\0\nmethodNameq\0~\0	L\0paramsq\0~\0	L\0remarkq\0~\0	L\0statusq\0~\0	xpt\0testTasksr\0java.util.DatehjKYt\0\0xpw\0\0aÑÓ Pxt\0\r0/5 * * * * ?sr\0java.lang.Long;‹äÌ#ß\0J\0valuexr\0java.lang.Number†¬•”à‹\0\0xp\0\0\0\0\0\0\0t\0test2pt\0æµ‹è¯•å¼‚å¸¸t\01x\0'),('MyScheduler','TASK_2','DEFAULT','TASK_2','DEFAULT',NULL,1557386240000,-1,5,'PAUSED','CRON',1557386232000,0,NULL,2,'¬í\0sr\0org.quartz.JobDataMapŸ°ƒè¿©°Ë\0\0xr\0&org.quartz.utils.StringKeyDirtyFlagMap‚èÃûÅ](\0Z\0allowsTransientDataxr\0org.quartz.utils.DirtyFlagMapæ.­(v\nÎ\0Z\0dirtyL\0mapt\0Ljava/util/Map;xpsr\0java.util.HashMapÚÁÃ`Ñ\0F\0\nloadFactorI\0	thresholdxp?@\0\0\0\0\0w\0\0\0\0\0\0t\0\rJOB_PARAM_KEYsr\0cc.mrbird.febs.job.domain.JobR¬“£\0L\0beanNamet\0Ljava/lang/String;L\0\ncreateTimet\0Ljava/util/Date;L\0cronExpressionq\0~\0	L\0jobIdt\0Ljava/lang/Long;L\0\nmethodNameq\0~\0	L\0paramsq\0~\0	L\0remarkq\0~\0	L\0statusq\0~\0	xpt\0testTasksr\0java.util.DatehjKYt\0\0xpw\0\0aÈÇ¦˜xt\00/10 * * * * ?sr\0java.lang.Long;‹äÌ#ß\0J\0valuexr\0java.lang.Number†¬•”à‹\0\0xp\0\0\0\0\0\0\0t\0test1pt\0æ— å‚ä»»åŠ¡è°ƒåº¦æµ‹è¯•t\01x\0'),('MyScheduler','TASK_3','DEFAULT','TASK_3','DEFAULT',NULL,1557386232000,-1,5,'PAUSED','CRON',1557386232000,0,NULL,2,'¬í\0sr\0org.quartz.JobDataMapŸ°ƒè¿©°Ë\0\0xr\0&org.quartz.utils.StringKeyDirtyFlagMap‚èÃûÅ](\0Z\0allowsTransientDataxr\0org.quartz.utils.DirtyFlagMapæ.­(v\nÎ\0Z\0dirtyL\0mapt\0Ljava/util/Map;xpsr\0java.util.HashMapÚÁÃ`Ñ\0F\0\nloadFactorI\0	thresholdxp?@\0\0\0\0\0w\0\0\0\0\0\0t\0\rJOB_PARAM_KEYsr\0cc.mrbird.febs.job.domain.JobR¬“£\0L\0beanNamet\0Ljava/lang/String;L\0\ncreateTimet\0Ljava/util/Date;L\0cronExpressionq\0~\0	L\0jobIdt\0Ljava/lang/Long;L\0\nmethodNameq\0~\0	L\0paramsq\0~\0	L\0remarkq\0~\0	L\0statusq\0~\0	xpt\0testTasksr\0java.util.DatehjKYt\0\0xpw\0\0aÑq\Zxt\0\r0/1 * * * * ?sr\0java.lang.Long;‹äÌ#ß\0J\0valuexr\0java.lang.Number†¬•”à‹\0\0xp\0\0\0\0\0\0\0t\0testt\0hello worldt\0+æœ‰å‚ä»»åŠ¡è°ƒåº¦æµ‹è¯•,æ¯éš”ä¸€ç§’è§¦å‘t\01x\0');

/*Table structure for table `t_dept` */

DROP TABLE IF EXISTS `t_dept`;

CREATE TABLE `t_dept` (
  `DEPT_ID` bigint(20) NOT NULL AUTO_INCREMENT COMMENT 'éƒ¨é—¨ID',
  `PARENT_ID` bigint(20) NOT NULL COMMENT 'ä¸Šçº§éƒ¨é—¨ID',
  `DEPT_NAME` varchar(100) NOT NULL COMMENT 'éƒ¨é—¨åç§°',
  `ORDER_NUM` double(20,0) DEFAULT NULL COMMENT 'æ’åº',
  `CREATE_TIME` datetime DEFAULT NULL COMMENT 'åˆ›å»ºæ—¶é—´',
  `MODIFY_TIME` datetime DEFAULT NULL COMMENT 'ä¿®æ”¹æ—¶é—´',
  PRIMARY KEY (`DEPT_ID`) USING BTREE
) ENGINE=InnoDB AUTO_INCREMENT=7 DEFAULT CHARSET=utf8 ROW_FORMAT=DYNAMIC;

/*Data for the table `t_dept` */

insert  into `t_dept`(`DEPT_ID`,`PARENT_ID`,`DEPT_NAME`,`ORDER_NUM`,`CREATE_TIME`,`MODIFY_TIME`) values (1,0,'å¼€å‘éƒ¨',1,'2018-01-04 15:42:26','2019-01-05 21:08:27'),(2,1,'å¼€å‘ä¸€éƒ¨',1,'2018-01-04 15:42:34','2019-01-18 00:59:37'),(3,1,'å¼€å‘äºŒéƒ¨',2,'2018-01-04 15:42:29','2019-01-05 14:09:39'),(4,0,'å¸‚åœºéƒ¨',2,'2018-01-04 15:42:36','2019-01-23 06:27:56'),(5,0,'äººäº‹éƒ¨',3,'2018-01-04 15:42:32','2019-01-23 06:27:59'),(6,0,'æµ‹è¯•éƒ¨',4,'2018-01-04 15:42:38','2019-01-17 08:15:47');

/*Table structure for table `t_dict` */

DROP TABLE IF EXISTS `t_dict`;

CREATE TABLE `t_dict` (
  `DICT_ID` bigint(20) NOT NULL AUTO_INCREMENT COMMENT 'å­—å…¸ID',
  `KEYY` bigint(20) NOT NULL COMMENT 'é”®',
  `VALUEE` varchar(100) NOT NULL COMMENT 'å€¼',
  `FIELD_NAME` varchar(100) NOT NULL COMMENT 'å­—æ®µåç§°',
  `TABLE_NAME` varchar(100) NOT NULL COMMENT 'è¡¨å',
  PRIMARY KEY (`DICT_ID`) USING BTREE
) ENGINE=InnoDB AUTO_INCREMENT=34 DEFAULT CHARSET=utf8 ROW_FORMAT=DYNAMIC;

/*Data for the table `t_dict` */

insert  into `t_dict`(`DICT_ID`,`KEYY`,`VALUEE`,`FIELD_NAME`,`TABLE_NAME`) values (1,0,'ç”·','ssex','t_user'),(2,1,'å¥³','ssex','t_user'),(3,2,'ä¿å¯†','ssex','t_user'),(4,1,'æœ‰æ•ˆ','status','t_user'),(5,0,'é”å®š','status','t_user'),(6,0,'èœå•','type','t_menu'),(7,1,'æŒ‰é’®','type','t_menu'),(30,0,'æ­£å¸¸','status','t_job'),(31,1,'æš‚åœ','status','t_job'),(32,0,'æˆåŠŸ','status','t_job_log'),(33,1,'å¤±è´¥','status','t_job_log');

/*Table structure for table `t_job` */

DROP TABLE IF EXISTS `t_job`;

CREATE TABLE `t_job` (
  `JOB_ID` bigint(20) NOT NULL AUTO_INCREMENT COMMENT 'ä»»åŠ¡id',
  `BEAN_NAME` varchar(100) NOT NULL COMMENT 'spring beanåç§°',
  `METHOD_NAME` varchar(100) NOT NULL COMMENT 'æ–¹æ³•å',
  `PARAMS` varchar(200) DEFAULT NULL COMMENT 'å‚æ•°',
  `CRON_EXPRESSION` varchar(100) NOT NULL COMMENT 'cronè¡¨è¾¾å¼',
  `STATUS` char(2) NOT NULL COMMENT 'ä»»åŠ¡çŠ¶æ€  0ï¼šæ­£å¸¸  1ï¼šæš‚åœ',
  `REMARK` varchar(200) DEFAULT NULL COMMENT 'å¤‡æ³¨',
  `CREATE_TIME` datetime DEFAULT NULL COMMENT 'åˆ›å»ºæ—¶é—´',
  PRIMARY KEY (`JOB_ID`) USING BTREE
) ENGINE=InnoDB AUTO_INCREMENT=12 DEFAULT CHARSET=utf8 ROW_FORMAT=DYNAMIC;

/*Data for the table `t_job` */

insert  into `t_job`(`JOB_ID`,`BEAN_NAME`,`METHOD_NAME`,`PARAMS`,`CRON_EXPRESSION`,`STATUS`,`REMARK`,`CREATE_TIME`) values (1,'testTask','test','mrbird','0/1 * * * * ?1','1','æœ‰å‚ä»»åŠ¡è°ƒåº¦æµ‹è¯•','2018-02-24 16:26:14'),(2,'testTask','test1',NULL,'0/10 * * * * ?','1','æ— å‚ä»»åŠ¡è°ƒåº¦æµ‹è¯•','2018-02-24 17:06:23'),(3,'testTask','test','hello world','0/1 * * * * ?','1','æœ‰å‚ä»»åŠ¡è°ƒåº¦æµ‹è¯•,æ¯éš”ä¸€ç§’è§¦å‘','2018-02-26 09:28:26'),(11,'testTask','test2',NULL,'0/5 * * * * ?','1','æµ‹è¯•å¼‚å¸¸','2018-02-26 11:15:30');

/*Table structure for table `t_job_log` */

DROP TABLE IF EXISTS `t_job_log`;

CREATE TABLE `t_job_log` (
  `LOG_ID` bigint(20) NOT NULL AUTO_INCREMENT COMMENT 'ä»»åŠ¡æ—¥å¿—id',
  `JOB_ID` bigint(20) NOT NULL COMMENT 'ä»»åŠ¡id',
  `BEAN_NAME` varchar(100) NOT NULL COMMENT 'spring beanåç§°',
  `METHOD_NAME` varchar(100) NOT NULL COMMENT 'æ–¹æ³•å',
  `PARAMS` varchar(200) DEFAULT NULL COMMENT 'å‚æ•°',
  `STATUS` char(2) NOT NULL COMMENT 'ä»»åŠ¡çŠ¶æ€    0ï¼šæˆåŠŸ    1ï¼šå¤±è´¥',
  `ERROR` text COMMENT 'å¤±è´¥ä¿¡æ¯',
  `TIMES` decimal(11,0) DEFAULT NULL COMMENT 'è€—æ—¶(å•ä½ï¼šæ¯«ç§’)',
  `CREATE_TIME` datetime DEFAULT NULL COMMENT 'åˆ›å»ºæ—¶é—´',
  PRIMARY KEY (`LOG_ID`) USING BTREE
) ENGINE=InnoDB AUTO_INCREMENT=2502 DEFAULT CHARSET=utf8 ROW_FORMAT=DYNAMIC;

/*Data for the table `t_job_log` */

insert  into `t_job_log`(`LOG_ID`,`JOB_ID`,`BEAN_NAME`,`METHOD_NAME`,`PARAMS`,`STATUS`,`ERROR`,`TIMES`,`CREATE_TIME`) values (2450,3,'testTask','test','hello world','0',NULL,'2','2018-03-20 15:31:52'),(2451,3,'testTask','test','hello world','0',NULL,'0','2018-03-20 15:31:53'),(2452,3,'testTask','test','hello world','0',NULL,'2','2018-03-20 15:31:54'),(2453,3,'testTask','test','hello world','0',NULL,'1','2018-03-20 15:31:55'),(2454,3,'testTask','test','hello world','0',NULL,'0','2018-03-20 15:31:56'),(2455,3,'testTask','test','hello world','0',NULL,'1','2018-03-20 15:31:57'),(2456,3,'testTask','test','hello world','0',NULL,'1','2018-03-20 15:31:59'),(2457,3,'testTask','test','hello world','0',NULL,'1','2018-03-20 15:31:59'),(2458,3,'testTask','test','hello world','0',NULL,'1','2018-03-20 15:32:00'),(2459,3,'testTask','test','hello world','0',NULL,'0','2018-03-20 15:32:01'),(2460,3,'testTask','test','hello world','0',NULL,'5','2018-03-20 15:32:02'),(2461,3,'testTask','test','hello world','0',NULL,'1','2018-03-20 15:32:03'),(2462,3,'testTask','test','hello world','0',NULL,'1','2018-03-20 15:32:04'),(2463,3,'testTask','test','hello world','0',NULL,'1','2018-03-20 15:32:05'),(2464,3,'testTask','test','hello world','0',NULL,'1','2018-03-20 15:32:06'),(2465,11,'testTask','test2',NULL,'1','java.lang.NoSuchMethodException: cc.mrbird.job.task.TestTask.test2()','0','2018-03-20 15:32:26'),(2466,2,'testTask','test1',NULL,'0',NULL,'1','2018-04-02 15:26:40'),(2467,2,'testTask','test1',NULL,'0',NULL,'1','2018-04-02 15:26:50'),(2468,2,'testTask','test1',NULL,'0',NULL,'1','2018-04-02 15:27:20'),(2469,2,'testTask','test1',NULL,'0',NULL,'3','2018-04-02 17:29:20'),(2476,1,'testTask','test','mrbird','0',NULL,'1','2019-01-06 08:25:00'),(2477,11,'testTask','test2',NULL,'1','java.lang.NoSuchMethodException: cc.mrbird.febs.job.task.TestTask.test2()','0','2019-01-06 08:25:25'),(2478,1,'testTask','test','mrbird','0',NULL,'1','2019-01-06 08:40:15'),(2479,1,'testTask','test','mrbird','0',NULL,'1','2019-01-06 08:40:15'),(2480,1,'testTask','test','mrbird','0',NULL,'1','2019-01-06 08:40:15'),(2481,1,'testTask','test','mrbird','0',NULL,'1','2019-01-06 08:40:15'),(2482,1,'testTask','test','mrbird','0',NULL,'0','2019-01-06 08:40:15'),(2483,1,'testTask','test','mrbird','0',NULL,'1','2019-01-06 08:40:15'),(2484,1,'testTask','test','mrbird','0',NULL,'0','2019-01-06 08:40:15'),(2485,1,'testTask','test','mrbird','0',NULL,'0','2019-01-06 08:40:15'),(2486,1,'testTask','test','mrbird','0',NULL,'0','2019-01-06 08:40:15'),(2487,1,'testTask','test','mrbird','0',NULL,'0','2019-01-06 08:40:15'),(2488,1,'testTask','test','mrbird','0',NULL,'1','2019-01-06 08:40:16'),(2489,1,'testTask','test','mrbird','0',NULL,'0','2019-01-06 08:40:17'),(2490,1,'testTask','test','mrbird','0',NULL,'1','2019-01-06 08:40:18'),(2491,1,'testTask','test','mrbird','0',NULL,'0','2019-01-06 08:40:19'),(2492,1,'testTask','test','mrbird','0',NULL,'1','2019-01-06 08:40:20'),(2493,1,'testTask','test','mrbird','0',NULL,'0','2019-01-06 08:40:21'),(2494,1,'testTask','test','mrbird','0',NULL,'0','2019-01-06 08:40:22'),(2495,11,'testTask','test2',NULL,'1','java.lang.NoSuchMethodException: cc.mrbird.febs.job.task.TestTask.test2()','2','2019-01-06 08:40:36'),(2496,11,'testTask','test2',NULL,'1','java.lang.NoSuchMethodException: cc.mrbird.febs.job.task.TestTask.test2()','0','2019-01-06 08:40:36'),(2497,11,'testTask','test2',NULL,'1','java.lang.NoSuchMethodException: cc.mrbird.febs.job.task.TestTask.test2()','1','2019-01-06 08:40:40'),(2498,2,'testTask','test1',NULL,'0',NULL,'1','2019-01-06 11:36:20'),(2499,1,'testTask','test','mrbird','0',NULL,'30','2019-01-22 05:41:01'),(2500,1,'testTask','test','mrbird','0',NULL,'9','2019-01-23 06:28:58'),(2501,1,'testTask','test','mrbird','0',NULL,'12','2019-01-24 05:39:59');

/*Table structure for table `t_log` */

DROP TABLE IF EXISTS `t_log`;

CREATE TABLE `t_log` (
  `ID` bigint(20) NOT NULL AUTO_INCREMENT COMMENT 'æ—¥å¿—ID',
  `USERNAME` varchar(50) DEFAULT NULL COMMENT 'æ“ä½œç”¨æˆ·',
  `OPERATION` text COMMENT 'æ“ä½œå†…å®¹',
  `TIME` decimal(11,0) DEFAULT NULL COMMENT 'è€—æ—¶',
  `METHOD` text COMMENT 'æ“ä½œæ–¹æ³•',
  `PARAMS` text COMMENT 'æ–¹æ³•å‚æ•°',
  `IP` varchar(64) DEFAULT NULL COMMENT 'æ“ä½œè€…IP',
  `CREATE_TIME` datetime DEFAULT NULL COMMENT 'åˆ›å»ºæ—¶é—´',
  `location` varchar(50) DEFAULT NULL COMMENT 'æ“ä½œåœ°ç‚¹',
  PRIMARY KEY (`ID`) USING BTREE
) ENGINE=InnoDB AUTO_INCREMENT=1847 DEFAULT CHARSET=utf8 ROW_FORMAT=DYNAMIC;

/*Data for the table `t_log` */

insert  into `t_log`(`ID`,`USERNAME`,`OPERATION`,`TIME`,`METHOD`,`PARAMS`,`IP`,`CREATE_TIME`,`location`) values (1815,'mrbird','åˆ é™¤ç”¨æˆ·','301','cc.mrbird.febs.system.controller.UserController.deleteUsers()',' userIds: \"11\"','127.0.0.1','2019-01-23 06:26:43','å†…ç½‘IP|0|0|å†…ç½‘IP|å†…ç½‘IP'),(1816,'mrbird','ä¿®æ”¹èœå•/æŒ‰é’®','170','cc.mrbird.febs.system.controller.MenuController.updateMenu()',' menu: \"Menu(menuId=2, parentId=0, menuName=ç³»ç»Ÿç›‘æ§, path=/monitor, component=PageView, perms=null, icon=dashboard, type=0, orderNum=2.0, createTime=null, modifyTime=Wed Jan 23 14:27:12 CST 2019, createTimeFrom=null, createTimeTo=null)\"','127.0.0.1','2019-01-23 06:27:13','å†…ç½‘IP|0|0|å†…ç½‘IP|å†…ç½‘IP'),(1817,'mrbird','ä¿®æ”¹éƒ¨é—¨','90','cc.mrbird.febs.system.controller.DeptController.updateDept()',' dept: \"Dept(deptId=4, parentId=0, deptName=å¸‚åœºéƒ¨, orderNum=2.0, createTime=null, modifyTime=Wed Jan 23 14:27:55 CST 2019, createTimeFrom=null, createTimeTo=null)\"','127.0.0.1','2019-01-23 06:27:56','å†…ç½‘IP|0|0|å†…ç½‘IP|å†…ç½‘IP'),(1818,'mrbird','ä¿®æ”¹éƒ¨é—¨','596','cc.mrbird.febs.system.controller.DeptController.updateDept()',' dept: \"Dept(deptId=5, parentId=0, deptName=äººäº‹éƒ¨, orderNum=3.0, createTime=null, modifyTime=Wed Jan 23 14:27:59 CST 2019, createTimeFrom=null, createTimeTo=null)\"','127.0.0.1','2019-01-23 06:28:00','å†…ç½‘IP|0|0|å†…ç½‘IP|å†…ç½‘IP'),(1819,'mrbird','æ‰§è¡Œå®šæ—¶ä»»åŠ¡','146','cc.mrbird.febs.job.controller.JobController.runJob()',' jobId: \"1\"','127.0.0.1','2019-01-23 06:28:58','å†…ç½‘IP|0|0|å†…ç½‘IP|å†…ç½‘IP'),(1820,'mrbird','æ–°å¢èœå•/æŒ‰é’®','160','cc.mrbird.febs.system.controller.MenuController.addMenu()',' menu: \"Menu(menuId=130, parentId=3, menuName=å¯¼å‡ºExcel, path=null, component=null, perms=user:export, icon=null, type=1, orderNum=null, createTime=Wed Jan 23 14:35:15 CST 2019, modifyTime=null, createTimeFrom=null, createTimeTo=null)\"','127.0.0.1','2019-01-23 06:35:16','å†…ç½‘IP|0|0|å†…ç½‘IP|å†…ç½‘IP'),(1821,'mrbird','æ–°å¢èœå•/æŒ‰é’®','255','cc.mrbird.febs.system.controller.MenuController.addMenu()',' menu: \"Menu(menuId=131, parentId=4, menuName=å¯¼å‡ºExcel, path=null, component=null, perms=role:export, icon=null, type=1, orderNum=null, createTime=Wed Jan 23 14:35:36 CST 2019, modifyTime=null, createTimeFrom=null, createTimeTo=null)\"','127.0.0.1','2019-01-23 06:35:36','å†…ç½‘IP|0|0|å†…ç½‘IP|å†…ç½‘IP'),(1822,'mrbird','æ–°å¢èœå•/æŒ‰é’®','172','cc.mrbird.febs.system.controller.MenuController.addMenu()',' menu: \"Menu(menuId=132, parentId=5, menuName=å¯¼å‡ºExcel, path=null, component=null, perms=menu:export, icon=null, type=1, orderNum=null, createTime=Wed Jan 23 14:36:04 CST 2019, modifyTime=null, createTimeFrom=null, createTimeTo=null)\"','127.0.0.1','2019-01-23 06:36:05','å†…ç½‘IP|0|0|å†…ç½‘IP|å†…ç½‘IP'),(1823,'mrbird','æ–°å¢èœå•/æŒ‰é’®','188','cc.mrbird.febs.system.controller.MenuController.addMenu()',' menu: \"Menu(menuId=133, parentId=6, menuName=å¯¼å‡ºExcel, path=null, component=null, perms=dept:export, icon=null, type=1, orderNum=null, createTime=Wed Jan 23 14:36:24 CST 2019, modifyTime=null, createTimeFrom=null, createTimeTo=null)\"','127.0.0.1','2019-01-23 06:36:25','å†…ç½‘IP|0|0|å†…ç½‘IP|å†…ç½‘IP'),(1824,'mrbird','æ–°å¢èœå•/æŒ‰é’®','186','cc.mrbird.febs.system.controller.MenuController.addMenu()',' menu: \"Menu(menuId=134, parentId=64, menuName=å¯¼å‡ºExcel, path=null, component=null, perms=dict:export, icon=null, type=1, orderNum=null, createTime=Wed Jan 23 14:36:43 CST 2019, modifyTime=null, createTimeFrom=null, createTimeTo=null)\"','127.0.0.1','2019-01-23 06:36:44','å†…ç½‘IP|0|0|å†…ç½‘IP|å†…ç½‘IP'),(1825,'mrbird','æ–°å¢èœå•/æŒ‰é’®','160','cc.mrbird.febs.system.controller.MenuController.addMenu()',' menu: \"Menu(menuId=135, parentId=3, menuName=å¯†ç é‡ç½®, path=null, component=null, perms=user:reset, icon=null, type=1, orderNum=null, createTime=Wed Jan 23 14:36:59 CST 2019, modifyTime=null, createTimeFrom=null, createTimeTo=null)\"','127.0.0.1','2019-01-23 06:37:00','å†…ç½‘IP|0|0|å†…ç½‘IP|å†…ç½‘IP'),(1826,'mrbird','æ–°å¢èœå•/æŒ‰é’®','181','cc.mrbird.febs.system.controller.MenuController.addMenu()',' menu: \"Menu(menuId=136, parentId=10, menuName=å¯¼å‡ºExcel, path=null, component=null, perms=log:export, icon=null, type=1, orderNum=null, createTime=Wed Jan 23 14:37:26 CST 2019, modifyTime=null, createTimeFrom=null, createTimeTo=null)\"','127.0.0.1','2019-01-23 06:37:27','å†…ç½‘IP|0|0|å†…ç½‘IP|å†…ç½‘IP'),(1827,'mrbird','æ–°å¢èœå•/æŒ‰é’®','146','cc.mrbird.febs.system.controller.MenuController.addMenu()',' menu: \"Menu(menuId=137, parentId=102, menuName=å¯¼å‡ºExcel, path=null, component=null, perms=job:export, icon=null, type=1, orderNum=null, createTime=Wed Jan 23 14:37:59 CST 2019, modifyTime=null, createTimeFrom=null, createTimeTo=null)\"','127.0.0.1','2019-01-23 06:37:59','å†…ç½‘IP|0|0|å†…ç½‘IP|å†…ç½‘IP'),(1828,'mrbird','æ–°å¢èœå•/æŒ‰é’®','164','cc.mrbird.febs.system.controller.MenuController.addMenu()',' menu: \"Menu(menuId=138, parentId=109, menuName=å¯¼å‡ºExcel, path=null, component=null, perms=jobLog:export, icon=null, type=1, orderNum=null, createTime=Wed Jan 23 14:38:32 CST 2019, modifyTime=null, createTimeFrom=null, createTimeTo=null)\"','127.0.0.1','2019-01-23 06:38:33','å†…ç½‘IP|0|0|å†…ç½‘IP|å†…ç½‘IP'),(1829,'mrbird','ä¿®æ”¹è§’è‰²','3132','cc.mrbird.febs.system.controller.RoleController.updateRole()',' role: \"Role(roleId=1, roleName=ç®¡ç†å‘˜, remark=ç®¡ç†å‘˜, createTime=null, modifyTime=Wed Jan 23 14:45:28 CST 2019, createTimeFrom=null, createTimeTo=null, menuId=1,3,11,12,13,4,14,15,16,5,17,18,19,6,20,21,22,64,65,66,67,2,8,23,10,24,113,121,122,124,123,125,101,102,103,104,105,106,107,108,109,110,58,59,61,81,82,83,127,128,129,130,135,131,132,133,134,136,137,138)\"','127.0.0.1','2019-01-23 06:45:32','å†…ç½‘IP|0|0|å†…ç½‘IP|å†…ç½‘IP'),(1830,'mrbird','ä¿®æ”¹è§’è‰²','1730','cc.mrbird.febs.system.controller.RoleController.updateRole()',' role: \"Role(roleId=2, roleName=æ³¨å†Œç”¨æˆ·, remark=åªå¯æŸ¥çœ‹ä¸å¯æ“ä½œ, createTime=null, modifyTime=Wed Jan 23 15:31:07 CST 2019, createTimeFrom=null, createTimeTo=null, menuId=3,1,4,5,6,64,2,8,10,113,121,122,124,123,125,101,102,109,58,59,61,81,82,83,127,128,129)\"','127.0.0.1','2019-01-23 07:31:09','å†…ç½‘IP|0|0|å†…ç½‘IP|å†…ç½‘IP'),(1831,'mrbird','ä¿®æ”¹è§’è‰²','1997','cc.mrbird.febs.system.controller.RoleController.updateRole()',' role: \"Role(roleId=2, roleName=æ³¨å†Œç”¨æˆ·, remark=å¯æŸ¥çœ‹ï¼Œæ–°å¢ï¼Œå¯¼å‡º, createTime=null, modifyTime=Wed Jan 23 15:32:20 CST 2019, createTimeFrom=null, createTimeTo=null, menuId=3,1,4,5,6,64,2,8,10,113,121,122,124,123,125,101,102,109,58,59,61,81,82,83,127,128,129,130,14,17,132,20,133,65,134,136,103,137,138)\"','127.0.0.1','2019-01-23 07:32:22','å†…ç½‘IP|0|0|å†…ç½‘IP|å†…ç½‘IP'),(1832,'mrbird','æ–°å¢è§’è‰²','1428','cc.mrbird.febs.system.controller.RoleController.addRole()',' role: \"Role(roleId=72, roleName=æ™®é€šç”¨æˆ·, remark=åªå¯æŸ¥çœ‹ï¼Œå¥½å¯æ€œå“¦, createTime=Wed Jan 23 15:33:20 CST 2019, modifyTime=null, createTimeFrom=null, createTimeTo=null, menuId=1,3,4,5,6,64,2,8,10,113,121,122,124,123,127,101,102,109,58,59,61,81,82,83,128,129)\"','127.0.0.1','2019-01-23 07:33:22','å†…ç½‘IP|0|0|å†…ç½‘IP|å†…ç½‘IP'),(1833,'mrbird','æ–°å¢ç”¨æˆ·','338','cc.mrbird.febs.system.controller.UserController.addUser()',' user: \"User(userId=12, username=jack, password=552649f10640385d0728a80a4242893e, deptId=6, deptName=null, email=jack@hotmail.com, mobile=null, status=1, createTime=Wed Jan 23 15:34:05 CST 2019, modifyTime=null, lastLoginTime=null, ssex=0, description=null, avatar=default.jpg, roleId=72, roleName=null, sortField=null, sortOrder=null, createTimeFrom=null, createTimeTo=null, id=null)\"','127.0.0.1','2019-01-23 07:34:06','å†…ç½‘IP|0|0|å†…ç½‘IP|å†…ç½‘IP'),(1834,'mrbird','ä¿®æ”¹è§’è‰²','2160','cc.mrbird.febs.system.controller.RoleController.updateRole()',' role: \"Role(roleId=2, roleName=æ³¨å†Œç”¨æˆ·, remark=å¯æŸ¥çœ‹ï¼Œæ–°å¢ï¼Œå¯¼å‡º, createTime=null, modifyTime=Wed Jan 23 15:37:08 CST 2019, createTimeFrom=null, createTimeTo=null, menuId=3,1,4,5,6,64,2,8,10,113,121,122,124,123,125,101,102,109,58,59,61,81,82,83,127,128,129,130,14,17,132,20,133,65,134,136,103,137,138,131)\"','127.0.0.1','2019-01-23 07:37:11','å†…ç½‘IP|0|0|å†…ç½‘IP|å†…ç½‘IP'),(1835,'mrbird','æ–°å¢è§’è‰²','169','cc.mrbird.febs.system.controller.RoleController.addRole()',' role: \"Role(roleId=73, roleName=æµ‹è¯•xss, remark=<style>body{background:red !important}</style>, createTime=Wed Jan 23 15:47:04 CST 2019, modifyTime=null, createTimeFrom=null, createTimeTo=null, menuId=1,3)\"','127.0.0.1','2019-01-23 07:47:04','å†…ç½‘IP|0|0|å†…ç½‘IP|å†…ç½‘IP'),(1836,'mrbird','åˆ é™¤è§’è‰²','54','cc.mrbird.febs.system.controller.RoleController.deleteRoles()',' roleIds: \"73\"','218.104.237.213','2019-01-24 03:03:41','ä¸­å›½|åä¸œ|ç¦å»ºçœ|ç¦å·å¸‚|è”é€š'),(1837,'mrbird','ä¿®æ”¹ç”¨æˆ·','39','cc.mrbird.febs.system.controller.UserController.updateUser()',' user: \"User(userId=12, username=jack, password=null, deptId=6, deptName=null, email=jack@hotmail.com, mobile=null, status=1, createTime=null, modifyTime=Thu Jan 24 11:08:00 CST 2019, lastLoginTime=null, ssex=0, description=null, avatar=null, roleId=72, roleName=null, sortField=null, sortOrder=null, createTimeFrom=null, createTimeTo=null, id=null)\"','218.104.237.213','2019-01-24 03:08:01','ä¸­å›½|åä¸œ|ç¦å»ºçœ|ç¦å·å¸‚|è”é€š'),(1838,'mrbird','æ‰§è¡Œå®šæ—¶ä»»åŠ¡','41','cc.mrbird.febs.job.controller.JobController.runJob()',' jobId: \"1\"','218.104.237.213','2019-01-24 05:39:59','ä¸­å›½|åä¸œ|ç¦å»ºçœ|ç¦å·å¸‚|è”é€š'),(1839,'mrbird','æ–°å¢èœå•/æŒ‰é’®','6','cc.mrbird.febs.system.controller.MenuController.addMenu()',' menu: \"Menu(menuId=139, parentId=1, menuName=æŠ¥è­¦ç®¡ç†, path=system/alarm, component=system/alarm/alarm, perms=null, icon=, type=0, orderNum=null, createTime=Thu May 09 14:20:56 CST 2019, modifyTime=null, createTimeFrom=null, createTimeTo=null)\"','127.0.0.1','2019-05-09 06:20:56',''),(1840,'mrbird','ä¿®æ”¹è§’è‰²','191','cc.mrbird.febs.system.controller.RoleController.updateRole()',' role: \"Role(roleId=1, roleName=ç®¡ç†å‘˜, remark=ç®¡ç†å‘˜, createTime=null, modifyTime=Thu May 09 14:21:14 CST 2019, createTimeFrom=null, createTimeTo=null, menuId=1,3,11,12,13,4,14,15,16,5,17,18,19,6,20,21,22,64,65,66,67,2,8,23,10,24,113,121,122,124,123,125,101,102,103,104,105,106,107,108,109,110,58,59,61,81,82,83,127,128,129,130,135,131,132,133,134,136,137,138,139)\"','127.0.0.1','2019-05-09 06:21:14',''),(1841,'mrbird','ä¿®æ”¹è§’è‰²','162','cc.mrbird.febs.system.controller.RoleController.updateRole()',' role: \"Role(roleId=1, roleName=ç®¡ç†å‘˜, remark=ç®¡ç†å‘˜, createTime=null, modifyTime=Thu May 09 15:07:37 CST 2019, createTimeFrom=null, createTimeTo=null, menuId=1,3,11,12,13,4,14,15,16,5,17,18,19,6,20,21,22,64,65,66,67,2,8,23,10,24,113,121,122,124,123,125,101,102,103,104,105,106,107,108,109,110,58,59,61,81,82,83,127,128,129,130,135,131,132,133,134,136,137,138,139)\"','127.0.0.1','2019-05-09 07:07:37',''),(1842,'mrbird','ä¿®æ”¹æŠ¥è­¦ä¿¡æ¯','9','cc.mrbird.febs.system.controller.AlarmController.updateDict()',' alarm: \"Alarm(id=1, code=null, type=dfs, time=null, longitude=1, latitude=1, source=dfs, dataState=0, createTime=null, updateTime=null)\"','127.0.0.1','2019-05-09 09:27:09',''),(1843,'mrbird','ä¿®æ”¹æŠ¥è­¦ä¿¡æ¯','15','cc.mrbird.febs.system.controller.AlarmController.updateDict()',' alarm: \"Alarm(id=1, code=null, type=dfs, time=null, longitude=1, latitude=1, source=dfs, dataState=0, createTime=null, updateTime=null)\"','127.0.0.1','2019-05-09 09:27:15',''),(1844,'mrbird','ä¿®æ”¹æŠ¥è­¦ä¿¡æ¯','5','cc.mrbird.febs.system.controller.AlarmController.updateDict()',' alarm: \"Alarm(id=1, code=null, type=dfs1, time=null, longitude=1, latitude=1, source=dfs0, dataState=0, createTime=null, updateTime=null)\"','127.0.0.1','2019-05-09 09:28:50',''),(1845,'mrbird','æ–°å¢é¢„è­¦','34','cc.mrbird.febs.system.controller.AlarmController.addAlarm()',' alarm: \"Alarm(id=2, code=8f7e3801ea2047fe8e31cc481310cfe7, type=3, time=Thu May 09 17:30:15 CST 2019, longitude=1, latitude=1, source=5, dataState=1, createTime=Thu May 09 17:30:15 CST 2019, updateTime=Thu May 09 17:30:15 CST 2019)\"','127.0.0.1','2019-05-09 09:30:15',''),(1846,'mrbird','åˆ é™¤æŠ¥è­¦ä¿¡æ¯','7','cc.mrbird.febs.system.controller.AlarmController.deleteAlarm()',' alarmIds: \"2\"','127.0.0.1','2019-05-09 09:30:22','');

/*Table structure for table `t_login_log` */

DROP TABLE IF EXISTS `t_login_log`;

CREATE TABLE `t_login_log` (
  `USERNAME` varchar(100) NOT NULL COMMENT 'ç”¨æˆ·å',
  `LOGIN_TIME` datetime NOT NULL COMMENT 'ç™»å½•æ—¶é—´',
  `LOCATION` varchar(255) DEFAULT NULL COMMENT 'ç™»å½•åœ°ç‚¹',
  `IP` varchar(100) DEFAULT NULL COMMENT 'IPåœ°å€'
) ENGINE=InnoDB DEFAULT CHARSET=utf8 ROW_FORMAT=DYNAMIC;

/*Data for the table `t_login_log` */

insert  into `t_login_log`(`USERNAME`,`LOGIN_TIME`,`LOCATION`,`IP`) values ('mrbird','2019-01-12 03:18:33','å†…ç½‘IP|0|0|å†…ç½‘IP|å†…ç½‘IP','127.0.0.1'),('mrbird','2019-01-10 03:18:33','å†…ç½‘IP|0|0|å†…ç½‘IP|å†…ç½‘IP','127.0.0.1'),('mrbird','2019-01-09 03:18:33','å†…ç½‘IP|0|0|å†…ç½‘IP|å†…ç½‘IP','127.0.0.1'),('mrbird','2019-01-11 03:18:33','å†…ç½‘IP|0|0|å†…ç½‘IP|å†…ç½‘IP','127.0.0.1'),('mrbird','2019-01-12 04:23:45','å†…ç½‘IP|0|0|å†…ç½‘IP|å†…ç½‘IP','127.0.0.1'),('mrbird','2019-01-15 03:31:18','å†…ç½‘IP|0|0|å†…ç½‘IP|å†…ç½‘IP','127.0.0.1'),('mrbird','2019-01-15 03:36:28','å†…ç½‘IP|0|0|å†…ç½‘IP|å†…ç½‘IP','127.0.0.1'),('mrbird','2019-01-15 06:05:36','å†…ç½‘IP|0|0|å†…ç½‘IP|å†…ç½‘IP','127.0.0.1'),('mrbird','2019-01-15 08:44:39','å†…ç½‘IP|0|0|å†…ç½‘IP|å†…ç½‘IP','127.0.0.1'),('mrbird','2019-01-15 09:02:42','å†…ç½‘IP|0|0|å†…ç½‘IP|å†…ç½‘IP','127.0.0.1'),('scott','2019-01-15 09:24:21','å†…ç½‘IP|0|0|å†…ç½‘IP|å†…ç½‘IP','127.0.0.1'),('scott','2019-01-15 09:25:16','å†…ç½‘IP|0|0|å†…ç½‘IP|å†…ç½‘IP','127.0.0.1'),('mrbird','2019-01-15 10:14:20','å†…ç½‘IP|0|0|å†…ç½‘IP|å†…ç½‘IP','127.0.0.1'),('scott','2019-01-15 10:48:59','å†…ç½‘IP|0|0|å†…ç½‘IP|å†…ç½‘IP','127.0.0.1'),('mrbird','2019-01-14 11:02:04','å†…ç½‘IP|0|0|å†…ç½‘IP|å†…ç½‘IP','127.0.0.1'),('scott','2019-01-13 11:02:04','å†…ç½‘IP|0|0|å†…ç½‘IP|å†…ç½‘IP','127.0.0.1'),('mrbird','2019-01-15 11:02:04','å†…ç½‘IP|0|0|å†…ç½‘IP|å†…ç½‘IP','127.0.0.1'),('mrbird','2019-01-16 01:20:24','å†…ç½‘IP|0|0|å†…ç½‘IP|å†…ç½‘IP','127.0.0.1'),('mrbird','2019-01-16 02:25:47','å†…ç½‘IP|0|0|å†…ç½‘IP|å†…ç½‘IP','127.0.0.1'),('mrbird','2019-01-16 03:25:11','å†…ç½‘IP|0|0|å†…ç½‘IP|å†…ç½‘IP','127.0.0.1'),('mrbird','2019-01-16 03:44:23','å†…ç½‘IP|0|0|å†…ç½‘IP|å†…ç½‘IP','127.0.0.1'),('mrbird','2019-01-16 05:44:05','å†…ç½‘IP|0|0|å†…ç½‘IP|å†…ç½‘IP','127.0.0.1'),('mrbird','2019-01-16 05:51:12','å†…ç½‘IP|0|0|å†…ç½‘IP|å†…ç½‘IP','127.0.0.1'),('scott','2019-01-16 05:51:21','å†…ç½‘IP|0|0|å†…ç½‘IP|å†…ç½‘IP','127.0.0.1'),('mrbird','2019-01-16 05:54:03','å†…ç½‘IP|0|0|å†…ç½‘IP|å†…ç½‘IP','127.0.0.1'),('mrbird','2019-01-16 06:18:57','å†…ç½‘IP|0|0|å†…ç½‘IP|å†…ç½‘IP','127.0.0.1'),('mrbird','2019-01-16 06:31:19','å†…ç½‘IP|0|0|å†…ç½‘IP|å†…ç½‘IP','127.0.0.1'),('mrbird','2019-01-16 07:32:02','å†…ç½‘IP|0|0|å†…ç½‘IP|å†…ç½‘IP','127.0.0.1'),('mrbird','2019-01-17 01:10:42','å†…ç½‘IP|0|0|å†…ç½‘IP|å†…ç½‘IP','127.0.0.1'),('mrbird','2019-01-17 02:21:12','å†…ç½‘IP|0|0|å†…ç½‘IP|å†…ç½‘IP','127.0.0.1'),('mrbird','2019-01-17 06:07:00','å†…ç½‘IP|0|0|å†…ç½‘IP|å†…ç½‘IP','127.0.0.1'),('mrbird','2019-01-17 06:45:24','å†…ç½‘IP|0|0|å†…ç½‘IP|å†…ç½‘IP','127.0.0.1'),('mrbird','2019-01-17 06:46:40','å†…ç½‘IP|0|0|å†…ç½‘IP|å†…ç½‘IP','127.0.0.1'),('mrbird','2019-01-17 06:54:23','å†…ç½‘IP|0|0|å†…ç½‘IP|å†…ç½‘IP','127.0.0.1'),('mrbird','2019-01-17 06:54:53','å†…ç½‘IP|0|0|å†…ç½‘IP|å†…ç½‘IP','127.0.0.1'),('mrbird','2019-01-17 06:55:38','å†…ç½‘IP|0|0|å†…ç½‘IP|å†…ç½‘IP','127.0.0.1'),('mrbird','2019-01-17 07:38:37','å†…ç½‘IP|0|0|å†…ç½‘IP|å†…ç½‘IP','127.0.0.1'),('mrbird','2019-01-17 07:39:14','å†…ç½‘IP|0|0|å†…ç½‘IP|å†…ç½‘IP','127.0.0.1'),('mrbird','2019-01-17 07:40:48','å†…ç½‘IP|0|0|å†…ç½‘IP|å†…ç½‘IP','127.0.0.1'),('mrbird','2019-01-17 07:41:41','å†…ç½‘IP|0|0|å†…ç½‘IP|å†…ç½‘IP','127.0.0.1'),('scott','2019-01-17 07:42:53','å†…ç½‘IP|0|0|å†…ç½‘IP|å†…ç½‘IP','127.0.0.1'),('scott','2019-01-17 07:43:39','å†…ç½‘IP|0|0|å†…ç½‘IP|å†…ç½‘IP','127.0.0.1'),('mrbird','2019-01-17 08:13:29','å†…ç½‘IP|0|0|å†…ç½‘IP|å†…ç½‘IP','127.0.0.1'),('mrbird','2019-01-17 08:39:56','å†…ç½‘IP|0|0|å†…ç½‘IP|å†…ç½‘IP','127.0.0.1'),('mrbird','2019-01-17 09:26:19','å†…ç½‘IP|0|0|å†…ç½‘IP|å†…ç½‘IP','127.0.0.1'),('mrbird','2019-01-17 09:26:58','å†…ç½‘IP|0|0|å†…ç½‘IP|å†…ç½‘IP','127.0.0.1'),('mrbird','2019-01-17 09:30:15','å†…ç½‘IP|0|0|å†…ç½‘IP|å†…ç½‘IP','127.0.0.1'),('mrbirdd','2019-01-17 10:31:40','å†…ç½‘IP|0|0|å†…ç½‘IP|å†…ç½‘IP','127.0.0.1'),('jack','2019-01-17 10:41:14','å†…ç½‘IP|0|0|å†…ç½‘IP|å†…ç½‘IP','127.0.0.1'),('abcd','2019-01-17 10:47:48','å†…ç½‘IP|0|0|å†…ç½‘IP|å†…ç½‘IP','127.0.0.1'),('abcd','2019-01-17 10:48:06','å†…ç½‘IP|0|0|å†…ç½‘IP|å†…ç½‘IP','127.0.0.1'),('abcd','2019-01-17 10:48:44','å†…ç½‘IP|0|0|å†…ç½‘IP|å†…ç½‘IP','127.0.0.1'),('abcd','2019-01-17 10:51:35','å†…ç½‘IP|0|0|å†…ç½‘IP|å†…ç½‘IP','127.0.0.1'),('wuyouzhugu','2019-01-17 10:54:56','å†…ç½‘IP|0|0|å†…ç½‘IP|å†…ç½‘IP','127.0.0.1'),('mrbird','2019-01-17 10:56:53','å†…ç½‘IP|0|0|å†…ç½‘IP|å†…ç½‘IP','127.0.0.1'),('mrbird','2019-01-17 10:59:15','å†…ç½‘IP|0|0|å†…ç½‘IP|å†…ç½‘IP','127.0.0.1'),('mrbird','2019-01-17 10:59:53','å†…ç½‘IP|0|0|å†…ç½‘IP|å†…ç½‘IP','127.0.0.1'),('mrbird','2019-01-17 11:01:54','å†…ç½‘IP|0|0|å†…ç½‘IP|å†…ç½‘IP','127.0.0.1'),('mrbird','2019-01-17 11:08:43','å†…ç½‘IP|0|0|å†…ç½‘IP|å†…ç½‘IP','127.0.0.1'),('mrbird','2019-01-17 11:12:55','å†…ç½‘IP|0|0|å†…ç½‘IP|å†…ç½‘IP','127.0.0.1'),('mrbird','2019-01-17 11:13:21','å†…ç½‘IP|0|0|å†…ç½‘IP|å†…ç½‘IP','127.0.0.1'),('mrbird','2019-01-18 00:56:15','å†…ç½‘IP|0|0|å†…ç½‘IP|å†…ç½‘IP','127.0.0.1'),('mrbird','2019-01-18 01:21:54','å†…ç½‘IP|0|0|å†…ç½‘IP|å†…ç½‘IP','127.0.0.1'),('mrbird','2019-01-18 01:33:06','å†…ç½‘IP|0|0|å†…ç½‘IP|å†…ç½‘IP','127.0.0.1'),('mrbird','2019-01-18 02:03:32','å†…ç½‘IP|0|0|å†…ç½‘IP|å†…ç½‘IP','127.0.0.1'),('mrbird','2019-01-18 02:27:12','å†…ç½‘IP|0|0|å†…ç½‘IP|å†…ç½‘IP','127.0.0.1'),('mrbird','2019-01-18 02:36:26','å†…ç½‘IP|0|0|å†…ç½‘IP|å†…ç½‘IP','127.0.0.1'),('mrbird','2019-01-18 02:41:49','å†…ç½‘IP|0|0|å†…ç½‘IP|å†…ç½‘IP','127.0.0.1'),('mrbird','2019-01-18 02:53:12','å†…ç½‘IP|0|0|å†…ç½‘IP|å†…ç½‘IP','127.0.0.1'),('mrbird','2019-01-18 02:56:00','å†…ç½‘IP|0|0|å†…ç½‘IP|å†…ç½‘IP','127.0.0.1'),('mrbird','2019-01-18 03:00:35','å†…ç½‘IP|0|0|å†…ç½‘IP|å†…ç½‘IP','127.0.0.1'),('mrbird','2019-01-18 05:36:02','å†…ç½‘IP|0|0|å†…ç½‘IP|å†…ç½‘IP','127.0.0.1'),('mrbird','2019-01-18 05:57:39','å†…ç½‘IP|0|0|å†…ç½‘IP|å†…ç½‘IP','127.0.0.1'),('mrbird','2019-01-18 06:50:27','å†…ç½‘IP|0|0|å†…ç½‘IP|å†…ç½‘IP','127.0.0.1'),('mrbird','2019-01-18 07:09:37','å†…ç½‘IP|0|0|å†…ç½‘IP|å†…ç½‘IP','127.0.0.1'),('mrbird','2019-01-18 08:57:02','å†…ç½‘IP|0|0|å†…ç½‘IP|å†…ç½‘IP','127.0.0.1'),('mrbird','2019-01-18 09:00:06','å†…ç½‘IP|0|0|å†…ç½‘IP|å†…ç½‘IP','127.0.0.1'),('mrbird','2019-01-19 01:13:17','å†…ç½‘IP|0|0|å†…ç½‘IP|å†…ç½‘IP','127.0.0.1'),('mrbird','2019-01-19 01:14:42','å†…ç½‘IP|0|0|å†…ç½‘IP|å†…ç½‘IP','127.0.0.1'),('mrbird','2019-01-19 01:50:38','å†…ç½‘IP|0|0|å†…ç½‘IP|å†…ç½‘IP','127.0.0.1'),('mrbird','2019-01-19 02:05:44','å†…ç½‘IP|0|0|å†…ç½‘IP|å†…ç½‘IP','127.0.0.1'),('mrbird','2019-01-19 02:06:52','å†…ç½‘IP|0|0|å†…ç½‘IP|å†…ç½‘IP','127.0.0.1'),('mrbird','2019-01-19 02:11:47','å†…ç½‘IP|0|0|å†…ç½‘IP|å†…ç½‘IP','127.0.0.1'),('mrbird','2019-01-19 02:12:13','å†…ç½‘IP|0|0|å†…ç½‘IP|å†…ç½‘IP','127.0.0.1'),('mrbird','2019-01-19 02:12:27','å†…ç½‘IP|0|0|å†…ç½‘IP|å†…ç½‘IP','127.0.0.1'),('mrbird','2019-01-19 02:33:21','å†…ç½‘IP|0|0|å†…ç½‘IP|å†…ç½‘IP','127.0.0.1'),('mrbird','2019-01-19 02:40:19','å†…ç½‘IP|0|0|å†…ç½‘IP|å†…ç½‘IP','127.0.0.1'),('mrbird','2019-01-21 03:05:20','å†…ç½‘IP|0|0|å†…ç½‘IP|å†…ç½‘IP','127.0.0.1'),('mrbird','2019-01-21 03:16:03','å†…ç½‘IP|0|0|å†…ç½‘IP|å†…ç½‘IP','127.0.0.1'),('mrbird','2019-01-21 05:43:32','å†…ç½‘IP|0|0|å†…ç½‘IP|å†…ç½‘IP','127.0.0.1'),('mrbird','2019-01-21 05:44:20','å†…ç½‘IP|0|0|å†…ç½‘IP|å†…ç½‘IP','127.0.0.1'),('mrbird','2019-01-21 06:47:04','å†…ç½‘IP|0|0|å†…ç½‘IP|å†…ç½‘IP','127.0.0.1'),('mrbird','2019-01-21 06:49:51','å†…ç½‘IP|0|0|å†…ç½‘IP|å†…ç½‘IP','127.0.0.1'),('mrbird','2019-01-21 07:48:30','å†…ç½‘IP|0|0|å†…ç½‘IP|å†…ç½‘IP','127.0.0.1'),('mrbird','2019-01-21 07:50:34','å†…ç½‘IP|0|0|å†…ç½‘IP|å†…ç½‘IP','127.0.0.1'),('mrbird','2019-01-21 07:55:22','å†…ç½‘IP|0|0|å†…ç½‘IP|å†…ç½‘IP','127.0.0.1'),('mrbird','2019-01-21 07:57:39','å†…ç½‘IP|0|0|å†…ç½‘IP|å†…ç½‘IP','127.0.0.1'),('mrbird','2019-01-21 08:35:07','å†…ç½‘IP|0|0|å†…ç½‘IP|å†…ç½‘IP','127.0.0.1'),('mrbird','2019-01-21 08:58:37','å†…ç½‘IP|0|0|å†…ç½‘IP|å†…ç½‘IP','127.0.0.1'),('mrbird','2019-01-21 11:05:26','å†…ç½‘IP|0|0|å†…ç½‘IP|å†…ç½‘IP','127.0.0.1'),('mrbird','2019-01-22 00:47:44','å†…ç½‘IP|0|0|å†…ç½‘IP|å†…ç½‘IP','127.0.0.1'),('mrbird','2019-01-22 01:02:23','å†…ç½‘IP|0|0|å†…ç½‘IP|å†…ç½‘IP','127.0.0.1'),('mrbird','2019-01-22 01:38:19','å†…ç½‘IP|0|0|å†…ç½‘IP|å†…ç½‘IP','127.0.0.1'),('mrbird','2019-01-22 02:39:18','å†…ç½‘IP|0|0|å†…ç½‘IP|å†…ç½‘IP','127.0.0.1'),('mrbird','2019-01-22 05:39:47','å†…ç½‘IP|0|0|å†…ç½‘IP|å†…ç½‘IP','127.0.0.1'),('mrbird','2019-01-22 05:44:25','å†…ç½‘IP|0|0|å†…ç½‘IP|å†…ç½‘IP','127.0.0.1'),('mrbird','2019-01-22 06:04:18','å†…ç½‘IP|0|0|å†…ç½‘IP|å†…ç½‘IP','127.0.0.1'),('mrbird','2019-01-22 06:04:34','å†…ç½‘IP|0|0|å†…ç½‘IP|å†…ç½‘IP','127.0.0.1'),('mrbird','2019-01-22 06:13:00','å†…ç½‘IP|0|0|å†…ç½‘IP|å†…ç½‘IP','127.0.0.1'),('mrbird','2019-01-22 06:13:17','å†…ç½‘IP|0|0|å†…ç½‘IP|å†…ç½‘IP','127.0.0.1'),('scott','2019-01-22 06:13:43','å†…ç½‘IP|0|0|å†…ç½‘IP|å†…ç½‘IP','127.0.0.1'),('scott','2019-01-22 06:14:41','å†…ç½‘IP|0|0|å†…ç½‘IP|å†…ç½‘IP','127.0.0.1'),('scott','2019-01-22 06:15:10','å†…ç½‘IP|0|0|å†…ç½‘IP|å†…ç½‘IP','127.0.0.1'),('hello','2019-01-22 06:15:48','å†…ç½‘IP|0|0|å†…ç½‘IP|å†…ç½‘IP','127.0.0.1'),('hello','2019-01-22 06:17:19','å†…ç½‘IP|0|0|å†…ç½‘IP|å†…ç½‘IP','127.0.0.1'),('hello','2019-01-22 06:18:39','å†…ç½‘IP|0|0|å†…ç½‘IP|å†…ç½‘IP','127.0.0.1'),('mrbird','2019-01-22 06:19:03','å†…ç½‘IP|0|0|å†…ç½‘IP|å†…ç½‘IP','127.0.0.1'),('mrbird','2019-01-22 06:20:48','å†…ç½‘IP|0|0|å†…ç½‘IP|å†…ç½‘IP','127.0.0.1'),('mrbird','2019-01-22 07:04:26','å†…ç½‘IP|0|0|å†…ç½‘IP|å†…ç½‘IP','127.0.0.1'),('mrbird','2019-01-22 07:06:07','å†…ç½‘IP|0|0|å†…ç½‘IP|å†…ç½‘IP','127.0.0.1'),('mrbird','2019-01-22 07:06:57','å†…ç½‘IP|0|0|å†…ç½‘IP|å†…ç½‘IP','127.0.0.1'),('mrbird','2019-01-22 08:37:28','å†…ç½‘IP|0|0|å†…ç½‘IP|å†…ç½‘IP','127.0.0.1'),('mrbird','2019-01-22 10:29:50','å†…ç½‘IP|0|0|å†…ç½‘IP|å†…ç½‘IP','127.0.0.1'),('mrbird','2019-01-23 00:50:47','å†…ç½‘IP|0|0|å†…ç½‘IP|å†…ç½‘IP','127.0.0.1'),('mrbird','2019-01-23 01:51:42','å†…ç½‘IP|0|0|å†…ç½‘IP|å†…ç½‘IP','127.0.0.1'),('mrbird','2019-01-23 02:58:49','å†…ç½‘IP|0|0|å†…ç½‘IP|å†…ç½‘IP','127.0.0.1'),('mrbird','2019-01-23 06:11:14','å†…ç½‘IP|0|0|å†…ç½‘IP|å†…ç½‘IP','127.0.0.1'),('scott','2019-01-23 06:46:30','å†…ç½‘IP|0|0|å†…ç½‘IP|å†…ç½‘IP','127.0.0.1'),('mrbird','2019-01-23 06:48:25','å†…ç½‘IP|0|0|å†…ç½‘IP|å†…ç½‘IP','127.0.0.1'),('scott','2019-01-23 06:51:20','å†…ç½‘IP|0|0|å†…ç½‘IP|å†…ç½‘IP','127.0.0.1'),('mrbird','2019-01-23 07:30:25','å†…ç½‘IP|0|0|å†…ç½‘IP|å†…ç½‘IP','127.0.0.1'),('scott','2019-01-23 07:34:28','å†…ç½‘IP|0|0|å†…ç½‘IP|å†…ç½‘IP','127.0.0.1'),('jack','2019-01-23 07:35:56','å†…ç½‘IP|0|0|å†…ç½‘IP|å†…ç½‘IP','127.0.0.1'),('mrbird','2019-01-23 07:36:46','å†…ç½‘IP|0|0|å†…ç½‘IP|å†…ç½‘IP','127.0.0.1'),('mrbird','2019-01-24 01:30:13','ä¸­å›½|åä¸œ|ç¦å»ºçœ|ç¦å·å¸‚|è”é€š','218.104.237.213'),('mrbird','2019-01-24 01:42:03','ä¸­å›½|åä¸œ|ç¦å»ºçœ|ç¦å·å¸‚|è”é€š','218.104.237.213'),('mrbird','2019-01-24 01:48:10','ä¸­å›½|åä¸œ|ç¦å»ºçœ|ç¦å·å¸‚|è”é€š','218.104.237.213'),('mrbird','2019-01-24 01:50:12','ä¸­å›½|åä¸œ|ç¦å»ºçœ|ç¦å·å¸‚|è”é€š','218.104.237.213'),('mrbird','2019-01-24 01:50:28','ä¸­å›½|åä¸œ|ç¦å»ºçœ|ç¦å·å¸‚|è”é€š','218.104.237.213'),('mrbird','2019-01-24 02:57:48','ä¸­å›½|åä¸œ|ç¦å»ºçœ|ç¦å·å¸‚|è”é€š','218.104.237.213'),('mrbird','2019-01-24 03:02:53','ä¸­å›½|åä¸œ|ç¦å»ºçœ|ç¦å·å¸‚|è”é€š','218.104.237.213'),('scott','2019-01-24 03:14:51','ä¸­å›½|åä¸œ|ç¦å»ºçœ|å¦é—¨å¸‚|ç”µä¿¡','120.36.172.239'),('mrbird','2019-01-24 03:41:10','ä¸­å›½|åä¸œ|ç¦å»ºçœ|ç¦å·å¸‚|è”é€š','218.104.237.213'),('mrbird','2019-01-24 05:38:30','ä¸­å›½|åä¸œ|ç¦å»ºçœ|ç¦å·å¸‚|è”é€š','218.104.237.213'),('mrbird','2019-01-24 08:50:44','ä¸­å›½|åä¸œ|ç¦å»ºçœ|ç¦å·å¸‚|è”é€š','218.104.237.213'),('jack','2019-01-24 08:52:03','ä¸­å›½|åä¸œ|ç¦å»ºçœ|ç¦å·å¸‚|è”é€š','218.104.237.213'),('scott','2019-01-24 08:52:31','ä¸­å›½|åä¸œ|ç¦å»ºçœ|ç¦å·å¸‚|è”é€š','218.104.237.213'),('mrbird','2019-01-24 11:12:33','ä¸­å›½|åä¸œ|ç¦å»ºçœ|ç¦å·å¸‚|è”é€š','218.104.237.213'),('scott','2019-01-24 11:24:04','ä¸­å›½|åä¸œ|ç¦å»ºçœ|ç¦å·å¸‚|è”é€š','218.104.237.213'),('mrbird','2019-01-24 11:47:56','ä¸­å›½|åä¸œ|ç¦å»ºçœ|ç¦å·å¸‚|ç”µä¿¡','27.155.195.27'),('scott','2019-01-24 11:48:28','ä¸­å›½|åä¸œ|ç¦å»ºçœ|ç¦å·å¸‚|ç”µä¿¡','27.155.195.27'),('mrbird','2019-01-28 01:53:06','ä¸­å›½|åä¸œ|ç¦å»ºçœ|ç¦å·å¸‚|è”é€š','218.104.237.213'),('mrbird','2019-01-28 01:53:58','ä¸­å›½|åä¸œ|ç¦å»ºçœ|ç¦å·å¸‚|è”é€š','218.104.237.213'),('scott','2019-01-28 01:54:09','ä¸­å›½|åä¸œ|ç¦å»ºçœ|ç¦å·å¸‚|è”é€š','218.104.237.213'),('mrbird','2019-05-09 06:19:29','','127.0.0.1'),('mrbird','2019-05-09 06:21:41','','127.0.0.1'),('mrbird','2019-05-09 06:54:07','','127.0.0.1'),('mrbird','2019-05-09 07:05:51','','127.0.0.1'),('mrbird','2019-05-09 07:17:35','','127.0.0.1'),('mrbird','2019-05-09 08:19:31','','127.0.0.1'),('mrbird','2019-05-09 08:55:02','','127.0.0.1'),('mrbird','2019-05-09 09:26:55','','127.0.0.1');

/*Table structure for table `t_menu` */

DROP TABLE IF EXISTS `t_menu`;

CREATE TABLE `t_menu` (
  `MENU_ID` bigint(20) NOT NULL AUTO_INCREMENT COMMENT 'èœå•/æŒ‰é’®ID',
  `PARENT_ID` bigint(20) NOT NULL COMMENT 'ä¸Šçº§èœå•ID',
  `MENU_NAME` varchar(50) NOT NULL COMMENT 'èœå•/æŒ‰é’®åç§°',
  `PATH` varchar(255) DEFAULT NULL COMMENT 'å¯¹åº”è·¯ç”±path',
  `COMPONENT` varchar(255) DEFAULT NULL COMMENT 'å¯¹åº”è·¯ç”±ç»„ä»¶component',
  `PERMS` varchar(50) DEFAULT NULL COMMENT 'æƒé™æ ‡è¯†',
  `ICON` varchar(50) DEFAULT NULL COMMENT 'å›¾æ ‡',
  `TYPE` char(2) NOT NULL COMMENT 'ç±»å‹ 0èœå• 1æŒ‰é’®',
  `ORDER_NUM` double(20,0) DEFAULT NULL COMMENT 'æ’åº',
  `CREATE_TIME` datetime NOT NULL COMMENT 'åˆ›å»ºæ—¶é—´',
  `MODIFY_TIME` datetime DEFAULT NULL COMMENT 'ä¿®æ”¹æ—¶é—´',
  PRIMARY KEY (`MENU_ID`) USING BTREE
) ENGINE=InnoDB AUTO_INCREMENT=140 DEFAULT CHARSET=utf8 ROW_FORMAT=DYNAMIC;

/*Data for the table `t_menu` */

insert  into `t_menu`(`MENU_ID`,`PARENT_ID`,`MENU_NAME`,`PATH`,`COMPONENT`,`PERMS`,`ICON`,`TYPE`,`ORDER_NUM`,`CREATE_TIME`,`MODIFY_TIME`) values (1,0,'ç³»ç»Ÿç®¡ç†','/system','PageView',NULL,'appstore-o','0',1,'2017-12-27 16:39:07','2019-01-05 11:13:14'),(2,0,'ç³»ç»Ÿç›‘æ§','/monitor','PageView',NULL,'dashboard','0',2,'2017-12-27 16:45:51','2019-01-23 06:27:12'),(3,1,'ç”¨æˆ·ç®¡ç†','/system/user','system/user/User','user:view','','0',1,'2017-12-27 16:47:13','2019-01-22 06:45:55'),(4,1,'è§’è‰²ç®¡ç†','/system/role','system/role/Role','role:view','','0',2,'2017-12-27 16:48:09','2018-04-25 09:01:12'),(5,1,'èœå•ç®¡ç†','/system/menu','system/menu/Menu','menu:view','','0',3,'2017-12-27 16:48:57','2018-04-25 09:01:30'),(6,1,'éƒ¨é—¨ç®¡ç†','/system/dept','system/dept/Dept','dept:view','','0',4,'2017-12-27 16:57:33','2018-04-25 09:01:40'),(8,2,'åœ¨çº¿ç”¨æˆ·','/monitor/online','monitor/Online','user:online','','0',1,'2017-12-27 16:59:33','2018-04-25 09:02:04'),(10,2,'ç³»ç»Ÿæ—¥å¿—','/monitor/systemlog','monitor/SystemLog','log:view','','0',2,'2017-12-27 17:00:50','2018-04-25 09:02:18'),(11,3,'æ–°å¢ç”¨æˆ·','','','user:add',NULL,'1',NULL,'2017-12-27 17:02:58',NULL),(12,3,'ä¿®æ”¹ç”¨æˆ·','','','user:update',NULL,'1',NULL,'2017-12-27 17:04:07',NULL),(13,3,'åˆ é™¤ç”¨æˆ·','','','user:delete',NULL,'1',NULL,'2017-12-27 17:04:58',NULL),(14,4,'æ–°å¢è§’è‰²','','','role:add',NULL,'1',NULL,'2017-12-27 17:06:38',NULL),(15,4,'ä¿®æ”¹è§’è‰²','','','role:update',NULL,'1',NULL,'2017-12-27 17:06:38',NULL),(16,4,'åˆ é™¤è§’è‰²','','','role:delete',NULL,'1',NULL,'2017-12-27 17:06:38',NULL),(17,5,'æ–°å¢èœå•','','','menu:add',NULL,'1',NULL,'2017-12-27 17:08:02',NULL),(18,5,'ä¿®æ”¹èœå•','','','menu:update',NULL,'1',NULL,'2017-12-27 17:08:02',NULL),(19,5,'åˆ é™¤èœå•','','','menu:delete',NULL,'1',NULL,'2017-12-27 17:08:02',NULL),(20,6,'æ–°å¢éƒ¨é—¨','','','dept:add',NULL,'1',NULL,'2017-12-27 17:09:24',NULL),(21,6,'ä¿®æ”¹éƒ¨é—¨','','','dept:update',NULL,'1',NULL,'2017-12-27 17:09:24',NULL),(22,6,'åˆ é™¤éƒ¨é—¨','','','dept:delete',NULL,'1',NULL,'2017-12-27 17:09:24',NULL),(23,8,'è¸¢å‡ºç”¨æˆ·','','','user:kickout',NULL,'1',NULL,'2017-12-27 17:11:13',NULL),(24,10,'åˆ é™¤æ—¥å¿—','','','log:delete',NULL,'1',NULL,'2017-12-27 17:11:45',NULL),(58,0,'ç½‘ç»œèµ„æº','/web','PageView',NULL,'compass','0',4,'2018-01-12 15:28:48','2018-01-22 19:49:26'),(59,58,'å¤©æ°”æŸ¥è¯¢','/web/weather','web/Weather','weather:view','','0',1,'2018-01-12 15:40:02','2019-01-22 05:43:19'),(61,58,'æ¯æ—¥ä¸€æ–‡','/web/dailyArticle','web/DailyArticle','article:view','','0',2,'2018-01-15 17:17:14','2019-01-22 05:43:27'),(64,1,'å­—å…¸ç®¡ç†','/system/dict','system/dict/Dict','dict:view','','0',5,'2018-01-18 10:38:25','2018-04-25 09:01:50'),(65,64,'æ–°å¢å­—å…¸','','','dict:add',NULL,'1',NULL,'2018-01-18 19:10:08',NULL),(66,64,'ä¿®æ”¹å­—å…¸','','','dict:update',NULL,'1',NULL,'2018-01-18 19:10:27',NULL),(67,64,'åˆ é™¤å­—å…¸','','','dict:delete',NULL,'1',NULL,'2018-01-18 19:10:47',NULL),(81,58,'å½±è§†èµ„è®¯','/web/movie','EmptyPageView',NULL,NULL,'0',3,'2018-01-22 14:12:59','2019-01-22 05:43:35'),(82,81,'æ­£åœ¨çƒ­æ˜ ','/web/movie/hot','web/MovieHot','movie:hot','','0',1,'2018-01-22 14:13:47','2019-01-22 05:43:52'),(83,81,'å³å°†ä¸Šæ˜ ','/web/movie/coming','web/MovieComing','movie:coming','','0',2,'2018-01-22 14:14:36','2019-01-22 05:43:58'),(101,0,'ä»»åŠ¡è°ƒåº¦','/job','PageView',NULL,'clock-circle-o','0',3,'2018-01-11 15:52:57',NULL),(102,101,'å®šæ—¶ä»»åŠ¡','/job/job','quartz/job/Job','job:view','','0',1,'2018-02-24 15:53:53','2019-01-22 05:42:50'),(103,102,'æ–°å¢ä»»åŠ¡','','','job:add',NULL,'1',NULL,'2018-02-24 15:55:10',NULL),(104,102,'ä¿®æ”¹ä»»åŠ¡','','','job:update',NULL,'1',NULL,'2018-02-24 15:55:53',NULL),(105,102,'åˆ é™¤ä»»åŠ¡','','','job:delete',NULL,'1',NULL,'2018-02-24 15:56:18',NULL),(106,102,'æš‚åœä»»åŠ¡','','','job:pause',NULL,'1',NULL,'2018-02-24 15:57:08',NULL),(107,102,'æ¢å¤ä»»åŠ¡','','','job:resume',NULL,'1',NULL,'2018-02-24 15:58:21',NULL),(108,102,'ç«‹å³æ‰§è¡Œä»»åŠ¡','','','job:run',NULL,'1',NULL,'2018-02-24 15:59:45',NULL),(109,101,'è°ƒåº¦æ—¥å¿—','/job/log','quartz/log/JobLog','jobLog:view','','0',2,'2018-02-24 16:00:45','2019-01-22 05:42:59'),(110,109,'åˆ é™¤æ—¥å¿—','','','jobLog:delete',NULL,'1',NULL,'2018-02-24 16:01:21',NULL),(113,2,'Redisç›‘æ§','/monitor/redis/info','monitor/RedisInfo','redis:view','','0',3,'2018-06-28 14:29:42',NULL),(121,2,'è¯·æ±‚è¿½è¸ª','/monitor/httptrace','monitor/Httptrace',NULL,NULL,'0',4,'2019-01-18 02:30:29',NULL),(122,2,'ç³»ç»Ÿä¿¡æ¯','/monitor/system','EmptyPageView',NULL,NULL,'0',5,'2019-01-18 02:31:48','2019-01-18 02:39:46'),(123,122,'Tomcatä¿¡æ¯','/monitor/system/tomcatinfo','monitor/TomcatInfo',NULL,NULL,'0',2,'2019-01-18 02:32:53','2019-01-18 02:46:57'),(124,122,'JVMä¿¡æ¯','/monitor/system/jvminfo','monitor/JvmInfo',NULL,NULL,'0',1,'2019-01-18 02:33:30','2019-01-18 02:46:51'),(127,122,'æœåŠ¡å™¨ä¿¡æ¯','/monitor/system/info','monitor/SystemInfo',NULL,NULL,'0',3,'2019-01-21 07:53:43','2019-01-21 07:57:00'),(128,0,'å…¶ä»–æ¨¡å—','/others','PageView',NULL,'coffee','0',5,'2019-01-22 06:49:59','2019-01-22 06:50:13'),(129,128,'å¯¼å…¥å¯¼å‡º','/others/excel','others/Excel',NULL,NULL,'0',1,'2019-01-22 06:51:36','2019-01-22 07:06:45'),(130,3,'å¯¼å‡ºExcel',NULL,NULL,'user:export',NULL,'1',NULL,'2019-01-23 06:35:16',NULL),(131,4,'å¯¼å‡ºExcel',NULL,NULL,'role:export',NULL,'1',NULL,'2019-01-23 06:35:36',NULL),(132,5,'å¯¼å‡ºExcel',NULL,NULL,'menu:export',NULL,'1',NULL,'2019-01-23 06:36:05',NULL),(133,6,'å¯¼å‡ºExcel',NULL,NULL,'dept:export',NULL,'1',NULL,'2019-01-23 06:36:25',NULL),(134,64,'å¯¼å‡ºExcel',NULL,NULL,'dict:export',NULL,'1',NULL,'2019-01-23 06:36:43',NULL),(135,3,'å¯†ç é‡ç½®',NULL,NULL,'user:reset',NULL,'1',NULL,'2019-01-23 06:37:00',NULL),(136,10,'å¯¼å‡ºExcel',NULL,NULL,'log:export',NULL,'1',NULL,'2019-01-23 06:37:27',NULL),(137,102,'å¯¼å‡ºExcel',NULL,NULL,'job:export',NULL,'1',NULL,'2019-01-23 06:37:59',NULL),(138,109,'å¯¼å‡ºExcel',NULL,NULL,'jobLog:export',NULL,'1',NULL,'2019-01-23 06:38:32',NULL),(139,1,'æŠ¥è­¦ç®¡ç†','/system/alarm','system/alarm/alarm',NULL,'','0',NULL,'2019-05-09 06:20:56',NULL);

/*Table structure for table `t_role` */

DROP TABLE IF EXISTS `t_role`;

CREATE TABLE `t_role` (
  `ROLE_ID` bigint(20) NOT NULL AUTO_INCREMENT COMMENT 'è§’è‰²ID',
  `ROLE_NAME` varchar(10) NOT NULL COMMENT 'è§’è‰²åç§°',
  `REMARK` varchar(100) DEFAULT NULL COMMENT 'è§’è‰²æè¿°',
  `CREATE_TIME` datetime NOT NULL COMMENT 'åˆ›å»ºæ—¶é—´',
  `MODIFY_TIME` datetime DEFAULT NULL COMMENT 'ä¿®æ”¹æ—¶é—´',
  PRIMARY KEY (`ROLE_ID`) USING BTREE
) ENGINE=InnoDB AUTO_INCREMENT=74 DEFAULT CHARSET=utf8 ROW_FORMAT=DYNAMIC;

/*Data for the table `t_role` */

insert  into `t_role`(`ROLE_ID`,`ROLE_NAME`,`REMARK`,`CREATE_TIME`,`MODIFY_TIME`) values (1,'ç®¡ç†å‘˜','ç®¡ç†å‘˜','2017-12-27 16:23:11','2019-05-09 07:07:37'),(2,'æ³¨å†Œç”¨æˆ·','å¯æŸ¥çœ‹ï¼Œæ–°å¢ï¼Œå¯¼å‡º','2019-01-04 14:11:28','2019-01-23 07:37:08'),(72,'æ™®é€šç”¨æˆ·','åªå¯æŸ¥çœ‹ï¼Œå¥½å¯æ€œå“¦','2019-01-23 07:33:20',NULL);

/*Table structure for table `t_role_menu` */

DROP TABLE IF EXISTS `t_role_menu`;

CREATE TABLE `t_role_menu` (
  `ROLE_ID` bigint(20) NOT NULL,
  `MENU_ID` bigint(20) NOT NULL
) ENGINE=InnoDB DEFAULT CHARSET=utf8 ROW_FORMAT=DYNAMIC;

/*Data for the table `t_role_menu` */

insert  into `t_role_menu`(`ROLE_ID`,`MENU_ID`) values (72,1),(72,3),(72,4),(72,5),(72,6),(72,64),(72,2),(72,8),(72,10),(72,113),(72,121),(72,122),(72,124),(72,123),(72,127),(72,101),(72,102),(72,109),(72,58),(72,59),(72,61),(72,81),(72,82),(72,83),(72,128),(72,129),(2,3),(2,1),(2,4),(2,5),(2,6),(2,64),(2,2),(2,8),(2,10),(2,113),(2,121),(2,122),(2,124),(2,123),(2,125),(2,101),(2,102),(2,109),(2,58),(2,59),(2,61),(2,81),(2,82),(2,83),(2,127),(2,128),(2,129),(2,130),(2,14),(2,17),(2,132),(2,20),(2,133),(2,65),(2,134),(2,136),(2,103),(2,137),(2,138),(2,131),(1,1),(1,3),(1,11),(1,12),(1,13),(1,4),(1,14),(1,15),(1,16),(1,5),(1,17),(1,18),(1,19),(1,6),(1,20),(1,21),(1,22),(1,64),(1,65),(1,66),(1,67),(1,2),(1,8),(1,23),(1,10),(1,24),(1,113),(1,121),(1,122),(1,124),(1,123),(1,125),(1,101),(1,102),(1,103),(1,104),(1,105),(1,106),(1,107),(1,108),(1,109),(1,110),(1,58),(1,59),(1,61),(1,81),(1,82),(1,83),(1,127),(1,128),(1,129),(1,130),(1,135),(1,131),(1,132),(1,133),(1,134),(1,136),(1,137),(1,138),(1,139);

/*Table structure for table `t_test` */

DROP TABLE IF EXISTS `t_test`;

CREATE TABLE `t_test` (
  `FIELD1` varchar(20) NOT NULL,
  `FIELD2` int(11) NOT NULL,
  `FIELD3` varchar(100) NOT NULL,
  `CREATE_TIME` datetime NOT NULL
) ENGINE=InnoDB DEFAULT CHARSET=utf8;

/*Data for the table `t_test` */

insert  into `t_test`(`FIELD1`,`FIELD2`,`FIELD3`,`CREATE_TIME`) values ('å­—æ®µ1',1,'mrbird@gmail.com','2019-01-22 16:26:51'),('å­—æ®µ1',1,'mrbird0@gmail.com','2019-01-23 03:01:03'),('å­—æ®µ1',2,'mrbird1@gmail.com','2019-01-23 03:01:03'),('å­—æ®µ1',3,'mrbird2@gmail.com','2019-01-23 03:01:03'),('å­—æ®µ1',4,'mrbird3@gmail.com','2019-01-23 03:01:03'),('å­—æ®µ1',5,'mrbird4@gmail.com','2019-01-23 03:01:03'),('å­—æ®µ1',10,'mrbird9@gmail.com','2019-01-23 03:01:03'),('å­—æ®µ1',1,'mrbird0@gmail.com','2019-01-23 03:03:49'),('å­—æ®µ1',2,'mrbird1@gmail.com','2019-01-23 03:03:49'),('å­—æ®µ1',3,'mrbird2@gmail.com','2019-01-23 03:03:49'),('å­—æ®µ1',4,'mrbird3@gmail.com','2019-01-23 03:03:49'),('å­—æ®µ1',5,'mrbird4@gmail.com','2019-01-23 03:03:49'),('å­—æ®µ1',10,'mrbird9@gmail.com','2019-01-23 03:03:49'),('å­—æ®µ1',1,'mrbird0@gmail.com','2019-01-23 03:07:47'),('å­—æ®µ1',2,'mrbird1@gmail.com','2019-01-23 03:07:47'),('å­—æ®µ1',3,'mrbird2@gmail.com','2019-01-23 03:07:47'),('å­—æ®µ1',4,'mrbird3@gmail.com','2019-01-23 03:07:47'),('å­—æ®µ1',5,'mrbird4@gmail.com','2019-01-23 03:07:47'),('å­—æ®µ1',6,'mrbird5@gmail.com','2019-01-23 03:07:47'),('å­—æ®µ1',1,'mrbird0@gmail.com','2019-01-23 03:08:09'),('å­—æ®µ1',2,'mrbird1@gmail.com','2019-01-23 03:08:09'),('å­—æ®µ1',3,'mrbird2@gmail.com','2019-01-23 03:08:09'),('å­—æ®µ1',4,'mrbird3@gmail.com','2019-01-23 03:08:09'),('å­—æ®µ1',5,'mrbird4@gmail.com','2019-01-23 03:08:09'),('å­—æ®µ1',10,'mrbird9@gmail.com','2019-01-23 03:08:09'),('å­—æ®µ1',1,'mrbird0@gmail.com','2019-01-23 03:19:52'),('å­—æ®µ1',2,'mrbird1@gmail.com','2019-01-23 03:19:52'),('å­—æ®µ1',3,'mrbird2@gmail.com','2019-01-23 03:19:52'),('å­—æ®µ1',4,'mrbird3@gmail.com','2019-01-23 03:19:52'),('å­—æ®µ1',5,'mrbird4@gmail.com','2019-01-23 03:19:52'),('å­—æ®µ1',6,'mrbird5@gmail.com','2019-01-23 03:19:52'),('å­—æ®µ1',1,'mrbird0@gmail.com','2019-01-23 03:20:56'),('å­—æ®µ1',2,'mrbird1@gmail.com','2019-01-23 03:20:56'),('å­—æ®µ1',3,'mrbird2@gmail.com','2019-01-23 03:20:56'),('å­—æ®µ1',4,'mrbird3@gmail.com','2019-01-23 03:20:56'),('å­—æ®µ1',5,'mrbird4@gmail.com','2019-01-23 03:20:56'),('å­—æ®µ1',6,'mrbird5@gmail.com','2019-01-23 03:20:56'),('å­—æ®µ1',1,'mrbird0@gmail.com','2019-01-23 06:12:38'),('å­—æ®µ1',2,'mrbird1@gmail.com','2019-01-23 06:12:38'),('å­—æ®µ1',3,'mrbird2@gmail.com','2019-01-23 06:12:38'),('å­—æ®µ1',4,'mrbird3@gmail.com','2019-01-23 06:12:38'),('å­—æ®µ1',5,'mrbird4@gmail.com','2019-01-23 06:12:38'),('å­—æ®µ1',6,'mrbird5@gmail.com','2019-01-23 06:12:38'),('å­—æ®µ1',7,'mrbird6@gmail.com','2019-01-23 06:12:38'),('å­—æ®µ1',8,'mrbird7@gmail.com','2019-01-23 06:12:38'),('å­—æ®µ1',9,'mrbird8@gmail.com','2019-01-23 06:12:38'),('å­—æ®µ1',11,'mrbird10@gmail.com','2019-01-23 06:12:38'),('å­—æ®µ1',12,'mrbird11@gmail.com','2019-01-23 06:12:38'),('å­—æ®µ1',14,'mrbird13@gmail.com','2019-01-23 06:12:38'),('å­—æ®µ1',15,'mrbird14@gmail.com','2019-01-23 06:12:38'),('å­—æ®µ1',16,'mrbird15@gmail.com','2019-01-23 06:12:38'),('å­—æ®µ1',18,'mrbird17@gmail.com','2019-01-23 06:12:38'),('å­—æ®µ1',19,'mrbird18@gmail.com','2019-01-23 06:12:38'),('å­—æ®µ1',20,'mrbird19@gmail.com','2019-01-23 06:12:38');

/*Table structure for table `t_user` */

DROP TABLE IF EXISTS `t_user`;

CREATE TABLE `t_user` (
  `USER_ID` bigint(10) NOT NULL AUTO_INCREMENT COMMENT 'ç”¨æˆ·ID',
  `USERNAME` varchar(50) NOT NULL COMMENT 'ç”¨æˆ·å',
  `PASSWORD` varchar(128) NOT NULL COMMENT 'å¯†ç ',
  `DEPT_ID` bigint(20) DEFAULT NULL COMMENT 'éƒ¨é—¨ID',
  `EMAIL` varchar(128) DEFAULT NULL COMMENT 'é‚®ç®±',
  `MOBILE` varchar(20) DEFAULT NULL COMMENT 'è”ç³»ç”µè¯',
  `STATUS` char(1) NOT NULL COMMENT 'çŠ¶æ€ 0é”å®š 1æœ‰æ•ˆ',
  `CREATE_TIME` datetime NOT NULL COMMENT 'åˆ›å»ºæ—¶é—´',
  `MODIFY_TIME` datetime DEFAULT NULL COMMENT 'ä¿®æ”¹æ—¶é—´',
  `LAST_LOGIN_TIME` datetime DEFAULT NULL COMMENT 'æœ€è¿‘è®¿é—®æ—¶é—´',
  `SSEX` char(1) DEFAULT NULL COMMENT 'æ€§åˆ« 0ç”· 1å¥³ 2ä¿å¯†',
  `DESCRIPTION` varchar(100) DEFAULT NULL COMMENT 'æè¿°',
  `AVATAR` varchar(100) DEFAULT NULL COMMENT 'ç”¨æˆ·å¤´åƒ',
  PRIMARY KEY (`USER_ID`) USING BTREE
) ENGINE=InnoDB AUTO_INCREMENT=13 DEFAULT CHARSET=utf8 ROW_FORMAT=DYNAMIC;

/*Data for the table `t_user` */

insert  into `t_user`(`USER_ID`,`USERNAME`,`PASSWORD`,`DEPT_ID`,`EMAIL`,`MOBILE`,`STATUS`,`CREATE_TIME`,`MODIFY_TIME`,`LAST_LOGIN_TIME`,`SSEX`,`DESCRIPTION`,`AVATAR`) values (1,'mrbird','94f860c4bbfeb2f49c84e321fdda4b07',1,'mrbird123@hotmail.com','13455533233','1','2017-12-27 15:47:19','2019-01-17 02:34:19','2019-05-09 09:26:55','2','æˆ‘æ˜¯å¸…æ¯”ä½œè€…ã€‚','ubnKSIfAJTxIgXOKlciN.png'),(2,'scott','7b44a5363e3fd52435beb472e1d2b91f',6,'scott@qq.com','15134627380','1','2017-12-29 16:16:39','2019-01-18 00:59:09','2019-01-28 01:54:09','0','æˆ‘æ˜¯scottï¼Œå—¯å—¯','jZUIxmJycoymBprLOUbT.png'),(12,'jack','552649f10640385d0728a80a4242893e',6,'jack@hotmail.com',NULL,'1','2019-01-23 07:34:05','2019-01-24 03:08:01','2019-01-24 08:52:03','0',NULL,'default.jpg');

/*Table structure for table `t_user_config` */

DROP TABLE IF EXISTS `t_user_config`;

CREATE TABLE `t_user_config` (
  `USER_ID` bigint(20) NOT NULL COMMENT 'ç”¨æˆ·ID',
  `THEME` varchar(10) DEFAULT NULL COMMENT 'ç³»ç»Ÿä¸»é¢˜ darkæš—è‰²é£æ ¼ï¼Œlightæ˜äº®é£æ ¼',
  `LAYOUT` varchar(10) DEFAULT NULL COMMENT 'ç³»ç»Ÿå¸ƒå±€ sideä¾§è¾¹æ ï¼Œheadé¡¶éƒ¨æ ',
  `MULTI_PAGE` char(1) DEFAULT NULL COMMENT 'é¡µé¢é£æ ¼ 1å¤šæ ‡ç­¾é¡µ 0å•é¡µ',
  `FIX_SIDERBAR` char(1) DEFAULT NULL COMMENT 'é¡µé¢æ»šåŠ¨æ˜¯å¦å›ºå®šä¾§è¾¹æ  1å›ºå®š 0ä¸å›ºå®š',
  `FIX_HEADER` char(1) DEFAULT NULL COMMENT 'é¡µé¢æ»šåŠ¨æ˜¯å¦å›ºå®šé¡¶æ  1å›ºå®š 0ä¸å›ºå®š',
  `COLOR` varchar(20) DEFAULT NULL COMMENT 'ä¸»é¢˜é¢œè‰² RGBå€¼',
  PRIMARY KEY (`USER_ID`) USING BTREE
) ENGINE=InnoDB DEFAULT CHARSET=utf8 ROW_FORMAT=DYNAMIC;

/*Data for the table `t_user_config` */

insert  into `t_user_config`(`USER_ID`,`THEME`,`LAYOUT`,`MULTI_PAGE`,`FIX_SIDERBAR`,`FIX_HEADER`,`COLOR`) values (1,'light','side','1','1','1','rgb(24, 144, 255)'),(2,'light','head','0','1','1','rgb(24, 144, 255)'),(12,'dark','side','1','1','1','rgb(66, 185, 131)');

/*Table structure for table `t_user_role` */

DROP TABLE IF EXISTS `t_user_role`;

CREATE TABLE `t_user_role` (
  `USER_ID` bigint(20) NOT NULL COMMENT 'ç”¨æˆ·ID',
  `ROLE_ID` bigint(20) NOT NULL COMMENT 'è§’è‰²ID'
) ENGINE=InnoDB DEFAULT CHARSET=utf8 ROW_FORMAT=DYNAMIC;

/*Data for the table `t_user_role` */

insert  into `t_user_role`(`USER_ID`,`ROLE_ID`) values (1,1),(2,2),(12,72);

/* Function  structure for function  `findDeptChildren` */

/*!50003 DROP FUNCTION IF EXISTS `findDeptChildren` */;
DELIMITER $$

/*!50003 CREATE DEFINER=`root`@`localhost` FUNCTION `findDeptChildren`(rootId INT) RETURNS varchar(4000) CHARSET utf8
BEGIN
  DECLARE sTemp VARCHAR(4000);
    DECLARE sTempChd VARCHAR(4000);
    SET sTemp = '$';
    SET sTempChd = CAST(rootId as CHAR);
    WHILE sTempChd is not null DO
    SET sTemp = CONCAT(sTemp,',',sTempChd);
    SELECT GROUP_CONCAT(dept_id) INTO sTempChd FROM t_dept
    WHERE FIND_IN_SET(parent_id,sTempChd)>0;
END WHILE;
RETURN sTemp;
END */$$
DELIMITER ;

/* Function  structure for function  `findMenuChildren` */

/*!50003 DROP FUNCTION IF EXISTS `findMenuChildren` */;
DELIMITER $$

/*!50003 CREATE DEFINER=`root`@`localhost` FUNCTION `findMenuChildren`(rootId INT) RETURNS varchar(4000) CHARSET utf8
BEGIN
  DECLARE sTemp VARCHAR(4000);
    DECLARE sTempChd VARCHAR(4000);
    SET sTemp = '$';
    SET sTempChd = CAST(rootId as CHAR);
    WHILE sTempChd is not null DO
    SET sTemp = CONCAT(sTemp,',',sTempChd);
    SELECT GROUP_CONCAT(menu_id) INTO sTempChd FROM t_menu
    WHERE FIND_IN_SET(parent_id,sTempChd)>0;
END WHILE;
RETURN sTemp;
END */$$
DELIMITER ;

/*!40101 SET SQL_MODE=@OLD_SQL_MODE */;
/*!40014 SET FOREIGN_KEY_CHECKS=@OLD_FOREIGN_KEY_CHECKS */;
/*!40014 SET UNIQUE_CHECKS=@OLD_UNIQUE_CHECKS */;
/*!40111 SET SQL_NOTES=@OLD_SQL_NOTES */;
